reactions,data_type,kcat
MCITD_reverse_num1,DLkcat,2343.8073
FUM,DLkcat,1854.7952
UREAAH,DLkcat,1843.6494
PRFGS,DLkcat,972.9622
AKGDH,DLkcat,765.9681
PDH,DLkcat,495.4045
GAMptspp,DLkcat,485.5433
2METS,DLkcat,426.2273
CS_num1,DLkcat,353.4379
PRASCSi,DLkcat,318.0215
TMDS2,DLkcat,299.5653
ASPCT,DLkcat,294.0494
3OAR160_reverse,DLkcat,193.8435
GLUNATF,DLkcat,173.6305
CTPS2,DLkcat,168.8066
HSTPT_num1,DLkcat,163.7974
FRD2,DLkcat,154.7989
FRD3,DLkcat,154.7989
PA160abcpp_num2,DLkcat,151.3103
IPPMIb,DLkcat,150.2741
SDPTA_reverse,DLkcat,147.7533
MDH3,DLkcat,141.0581
UAGAAT_num2,DLkcat,138.1574
ACPPAT180,DLkcat,125.4977
SUCptspp,DLkcat,124.1277
3NTD9pp,DLkcat,123.6603
CYSS,DLkcat,119.1109
ASNTRS_num1,DLkcat,117.0309
AGPAT120,DLkcat,114.0333
PFK_2,DLkcat,112.7167
ILETRS_num1,DLkcat,106.7977
MDH,DLkcat,106.5348
TRPTRS,DLkcat,105.0539
CS_num2,DLkcat,102.7866
PPS,DLkcat,102.1448
SHKK,DLkcat,100.9134
AGPAT161,DLkcat,98.9054
PGP161abcpp_num2,DLkcat,96.3379
SERTRS_num1,DLkcat,94.9001
VPAMT,DLkcat,87.0602
MCOATA_num1,DLkcat,84.6385
PAPSR2,DLkcat,84.4172
AMPTASECG_num1,DLkcat,79.876
MCPST_num3,DLkcat,79.7608
MSDHD_num2,DLkcat,79.7608
GRTT_num2,DLkcat,79.7608
DHPPDA2_num2,DLkcat,79.7608
BMOCOS_num3,DLkcat,79.7608
WCOS_num2,DLkcat,79.7608
TMPPP_num3,DLkcat,79.7608
GRTT_num1,DLkcat,77.7439
MI1PP_num2,DLkcat,77.4113
AACPS7_num3,DLkcat,77.4113
AACPS6_num3,DLkcat,77.4113
FA141ACPHi_num2,DLkcat,77.4113
ACOATA_num4,DLkcat,71.5621
IG3PS,DLkcat,71.5427
PGP140abcpp_num2,DLkcat,70.6172
TYRTA_num1,DLkcat,69.7168
PROTRS_num1,DLkcat,68.9964
G3PAT141_num5,DLkcat,68.9841
FDH5pp_num2,DLkcat,68.1145
PA120abcpp_num2,DLkcat,67.2807
LEUt2rpp_num2,DLkcat,67.2807
ALATA_L,DLkcat,66.6614
KAS15_num2,DLkcat,66.4266
AACPS5_num2,DLkcat,65.0605
ACGS,DLkcat,64.4737
TRPS2,DLkcat,63.7903
UPPRT_num2,DLkcat,63.3046
G3PAT181_num3,DLkcat,62.3435
MCOATA_num4,DLkcat,61.9259
GLUPRT,DLkcat,60.9411
G3PAT161_num4,DLkcat,60.5042
NADPHQR3_num4,DLkcat,59.7166
HSK,DLkcat,59.1122
G3PAT160_num4,DLkcat,58.1468
CTBTt2rpp_reverse,DLkcat,54.1467
UPPRT_num1,DLkcat,53.4897
ADPT,DLkcat,53.1315
MALS,DLkcat,53.0208
ANPRT,DLkcat,52.3628
PTPATi,DLkcat,51.821
GLUDy,DLkcat,51.3372
PPPGO3,DLkcat,49.8829
ACOAD6f_reverse,DLkcat,49.8577
MALTATr,DLkcat,49.2804
ACOTA_reverse,DLkcat,49.2329
ALDD19x,DLkcat,48.4933
VALt2rpp_reverse,DLkcat,46.6029
DHORD5,DLkcat,46.0571
ADOCBLS,DLkcat,45.4461
LPLIPAL1A180pp_num2,DLkcat,44.9309
ACOAD5f_reverse,DLkcat,43.5121
PSERT,DLkcat,42.8438
GLGC,DLkcat,42.4366
CITt7pp,DLkcat,42.4202
TKT1_reverse,DLkcat,42.4202
DAAD,DLkcat,42.1121
U23GAAT_num5,DLkcat,40.6098
GLYBabcpp_num2,DLkcat,40.3809
MPTG2_num1,DLkcat,40.2141
TRPS1,DLkcat,40.1111
ARGSL_reverse,DLkcat,40.0766
PGK_reverse,DLkcat,39.6959
DHORD2,DLkcat,38.5392
LDH_D,DLkcat,38.4709
SARCOX,DLkcat,38.2127
PY5PSH,DLkcat,37.639
PPTHpp,DLkcat,37.3558
ACLS,DLkcat,34.9687
KAS14_num1,DLkcat,34.3048
PFK,DLkcat,33.9538
3OAR80_reverse,DLkcat,33.8416
GTHRDabc2pp,DLkcat,33.2435
ALCD19_num1,DLkcat,33.2043
DBTS,DLkcat,33.1901
3OAR140_reverse,DLkcat,32.7227
ASPK_reverse,DLkcat,32.1094
G1PACT,DLkcat,32.0167
ASPK,DLkcat,31.7436
PYDAMK,DLkcat,31.6487
GLCATr,DLkcat,31.3277
WCOS_num1,DLkcat,31.0355
FFSD_num1,DLkcat,30.6866
RBK_num1,DLkcat,29.7322
GLUSy,DLkcat,29.7003
FRUpts2pp,DLkcat,29.3964
ANS,DLkcat,28.8704
AICART,DLkcat,28.8075
PA181abcpp_num2,DLkcat,28.1185
PANTS_num1,DLkcat,27.9784
AIRC2+AIRC3_reverse,DLkcat,27.5882
DMPPS,DLkcat,27.4331
PHEMEabcpp_num1,DLkcat,27.3123
ACOATA_num3,DLkcat,27.2186
FDH4pp_num2,DLkcat,27.0205
PROt4pp,DLkcat,26.954
GLNS_num1,DLkcat,26.8028
UDPGD_num2,DLkcat,26.6328
LDH_D_reverse,DLkcat,25.5295
ORPT_reverse,DLkcat,25.5295
MANptspp,DLkcat,25.288
PYRC_reverse,DLkcat,25.2528
TRE6PP,DLkcat,24.9406
SERTRS2,DLkcat,24.7954
GLUNATF_reverse,DLkcat,24.7856
UAGDP,DLkcat,24.4972
CYANSTpp_num5,DLkcat,24.4381
KAS14_num3,DLkcat,24.3677
CYANSTpp_num3,DLkcat,23.3073
ALDD2x,DLkcat,23.1944
FDH5pp_num1,DLkcat,22.9167
SHSL1_num1,DLkcat,22.7789
GARFT,DLkcat,22.5113
ILETA,DLkcat,22.428
MCOATA_num3,DLkcat,22.2915
U23GAAT_num3,DLkcat,22.2557
ACGK,DLkcat,21.8459
GLU5K,DLkcat,21.3107
SUCptsp,DLkcat,21.2627
SPMDabcpp,DLkcat,21.2627
NADPHQR3_num3,DLkcat,21.2529
FA140ACPHi_num2,DLkcat,20.9714
GLCabcpp,DLkcat,20.9634
PGLYCP_num1,DLkcat,20.319
G3PAT140_num5,DLkcat,20.2562
PRPPS_reverse,DLkcat,20.1486
ACOTA,DLkcat,20.0014
CHTBSptspp,DLkcat,19.7347
AGPR,DLkcat,19.5472
PROD2,DLkcat,19.4057
THRTRS_num1,DLkcat,19.1993
PPCK,DLkcat,18.9034
ARBabcpp,DLkcat,18.806
GLYTRS_num1,DLkcat,18.7398
AMPMS2,DLkcat,18.7119
MPTSS,DLkcat,18.6912
PSCVT,DLkcat,18.612
NADPHQR3_num1,DLkcat,18.565
P5CR,DLkcat,18.2447
MI2DH_num4,DLkcat,18.2075
BMOCOS_num1,DLkcat,18.1131
GLYK,DLkcat,17.947
AACPS5_num1,DLkcat,17.9042
PPNDH,DLkcat,17.883
METS,DLkcat,17.7544
AACPS6_num1,DLkcat,17.4843
AACPS3_num1,DLkcat,17.4407
RIBabcpp,DLkcat,17.2991
PA141abcpp_num2,DLkcat,17.2691
MALTptspp,DLkcat,17.2345
G3PT,DLkcat,17.2105
GLUN,DLkcat,17.1334
BTS4,DLkcat,17.0564
AACPS4_num1,DLkcat,16.7364
METabcpp,DLkcat,16.7114
MPTS,DLkcat,16.6763
AACPS9_num1,DLkcat,16.5062
CYANSTpp_num2,DLkcat,16.3269
G3PAT120_num2,DLkcat,16.3201
GLUabcpp,DLkcat,16.3015
3OAR100_reverse,DLkcat,16.2544
UDPGPpp_num1,DLkcat,16.2216
FACOAL160t2pp_num2,DLkcat,16.0127
ADNUC_num1,DLkcat,15.1769
UPP3MT_num1,DLkcat,14.9983
MEPCT,DLkcat,14.9983
RNTR4c,DLkcat,14.9264
GF6PTA,DLkcat,14.8195
METTRS_num1,DLkcat,14.6604
5FTHFC,DLkcat,14.6521
ARBt3ipp,DLkcat,14.5781
ARGORNt7pp,DLkcat,14.5781
PGP160abcpp_num2,DLkcat,14.4527
ACALD,DLkcat,14.4486
THRS,DLkcat,14.2675
GNK_num1,DLkcat,14.2634
UAGAAT_num3,DLkcat,14.2293
PHETRS,DLkcat,14.1304
FDH4pp_num1,DLkcat,14.1292
ACMUMptspp_num2,DLkcat,13.8241
HPPK2,DLkcat,13.56
UAMDH_num1,DLkcat,13.4853
UAGCVT_num1,DLkcat,13.4644
ACODA,DLkcat,13.2117
AACPS8_num2,DLkcat,13.1768
HXPRT_num1,DLkcat,13.1615
PNTK,DLkcat,12.9901
SEPHCHCS,DLkcat,12.9237
G3PAT181_num1,DLkcat,12.8648
GARFT_reverse,DLkcat,12.8472
THDPS_num1,DLkcat,12.8454
FACOAL60t2pp_num2,DLkcat,12.723
FA120ACPHi_num2,DLkcat,12.723
AACPS7_num2,DLkcat,12.723
AACPS6_num2,DLkcat,12.723
DHAPT,DLkcat,12.6866
PA161abcpp_num2,DLkcat,12.668
RBFK,DLkcat,12.5945
NAMNPP,DLkcat,12.579
SUCOAS,DLkcat,12.4064
RNTR3c,DLkcat,12.3105
ACOAD2f_reverse,DLkcat,12.2449
BWCOS_num1,DLkcat,12.0341
PGK,DLkcat,12.0153
UAAGDS,DLkcat,12.0114
AICART_reverse,DLkcat,11.6744
MM_COA_ADD5,DLkcat,11.5078
ACOAD1f_reverse,DLkcat,11.4826
TKT2,DLkcat,11.3369
LYSabcpp,DLkcat,11.3335
FHL,DLkcat,11.1563
PYRC,DLkcat,11.1192
OCTNLL,DLkcat,11.0964
MI1PP_num1,DLkcat,11.0262
GDPTPDP,DLkcat,10.9968
ACOAD3f_reverse,DLkcat,10.9168
MSDH_num1,DLkcat,10.8516
TRATF_reverse_num1,DLkcat,10.8076
SDPTA,DLkcat,10.6629
AGDC,DLkcat,10.5883
WCOS_num3,DLkcat,10.5524
TRATF_num2,DLkcat,10.5524
PANTS_num2,DLkcat,10.5524
MOCOS_num2,DLkcat,10.5524
ACPS1_num3,DLkcat,10.5524
DHPS2_num2,DLkcat,10.5524
BWCOS_num2,DLkcat,10.5524
ORPT,DLkcat,10.2416
AMPTASEPG_num1,DLkcat,10.1624
AACPS4_num2,DLkcat,9.9672
GLYCK2,DLkcat,9.9527
GPDDA2,DLkcat,9.89
G3PEabcpp,DLkcat,9.6962
PA180abcpp_num2,DLkcat,9.6845
P5CD,DLkcat,9.6461
SPMDAT2_num1,DLkcat,9.5518
UAGCVT_num2,DLkcat,9.5148
ABUTt2pp,DLkcat,9.4924
ACHBS,DLkcat,9.4876
G3PAT141_num3,DLkcat,9.4521
SSALy_num1,DLkcat,9.4188
GLCP_num2,DLkcat,9.307
ACMUMptspp_num1,DLkcat,9.2827
UAGAAT_num4,DLkcat,9.2663
PGP120abcpp_num2,DLkcat,9.22
VALTRS_num1,DLkcat,9.1869
GHMT2r,DLkcat,9.1788
LIPOS,DLkcat,9.0788
DHORTS_reverse,DLkcat,9.0478
FBP,DLkcat,8.9735
MAN2D,DLkcat,8.9502
DDPA,DLkcat,8.9339
ALCD2x_num1,DLkcat,8.879
MTHFR2,DLkcat,8.8627
ACKr,DLkcat,8.5725
G3PAT161_num2,DLkcat,8.5236
LIPOCT,DLkcat,8.4698
GLUTRS_num1,DLkcat,8.4575
GND,DLkcat,8.3926
GHMT2r_reverse,DLkcat,8.3926
ASNS1,DLkcat,8.3162
CDPMEK,DLkcat,8.2792
IPMD,DLkcat,8.2656
G3PAT160_num2,DLkcat,8.2486
SHK3Dr_num1,DLkcat,8.2387
G3PSabcpp,DLkcat,8.182
GTHRDHpp,DLkcat,8.092
G3PCabcpp,DLkcat,8.0577
PA140abcpp_num1,DLkcat,7.9287
CSND,DLkcat,7.9069
PRAMPC,DLkcat,7.8947
ACOATA_reverse_num1,DLkcat,7.8847
MI2DHT_reverse,DLkcat,7.8823
DAPDC_num1,DLkcat,7.8347
ALATA_L2,DLkcat,7.7906
ALATA_D2,DLkcat,7.7906
METSOXR1_num1,DLkcat,7.7758
U23GAAT_num4,DLkcat,7.7723
FMNAT,DLkcat,7.7425
BETALDHy,DLkcat,7.7136
BETALDHx,DLkcat,7.7136
M1PD,DLkcat,7.6988
TRATF_num1,DLkcat,7.6583
TRE6PS,DLkcat,7.6515
NO3R2bpp,DLkcat,7.6353
NADH18pp,DLkcat,7.5468
PGP141abcpp_num2,DLkcat,7.4999
PA160abcpp_num1,DLkcat,7.4907
ARGSS,DLkcat,7.467
UAMAS,DLkcat,7.4621
PGP161abcpp_num1,DLkcat,7.4355
CYANSTpp_num4,DLkcat,7.4349
FDMO,DLkcat,7.4231
3OAR120_reverse,DLkcat,7.4192
ILEt2rpp_reverse,DLkcat,7.3678
GPDDA4,DLkcat,7.3418
UAGAAT_num1,DLkcat,7.3099
PA180abcpp_num1,DLkcat,7.2816
HXCT,DLkcat,7.2266
PTAr_reverse,DLkcat,7.1899
ALATRS_num1,DLkcat,7.1835
GALUi_reverse_num1,DLkcat,7.1811
CRNCAL2,DLkcat,7.1488
GLCP2_num1,DLkcat,7.144
PGP160abcpp_num1,DLkcat,7.098
AACPS8_num3,DLkcat,7.0888
NNATr_reverse,DLkcat,7.0499
CTBTt2rpp,DLkcat,7.0243
G3PIabcpp,DLkcat,7.0162
G3PGabcpp,DLkcat,7.0159
PGP180abcpp_num1,DLkcat,7.0044
L_LACD3,DLkcat,6.9817
GPDDA3,DLkcat,6.9237
LEUt2rpp_num3,DLkcat,6.9061
PRAGSr_reverse,DLkcat,6.8809
PYDXK,DLkcat,6.8515
G3PAT180_num2,DLkcat,6.8122
G3PAT161_num1,DLkcat,6.7487
G3PAT160_num1,DLkcat,6.7487
G3PAT140_num1,DLkcat,6.7487
G3PAT120_num1,DLkcat,6.7487
G3PAT180_num1,DLkcat,6.7487
G3PAT141_num1,DLkcat,6.7487
DASYN181,DLkcat,6.7487
ACOAD4f_reverse,DLkcat,6.7167
LEUTRS_num1,DLkcat,6.7161
GLYC3Pabcpp,DLkcat,6.5213
PPNCL2,DLkcat,6.4309
G3PAT141_num2,DLkcat,6.2834
SFRD,DLkcat,6.2422
MOHMT,DLkcat,6.2088
ASPTRS,DLkcat,6.0274
HEX1,DLkcat,5.9965
G3PAT180_num5,DLkcat,5.934
MECDPDH2,DLkcat,5.9311
PA140abcpp_num2,DLkcat,5.8924
APH140,DLkcat,5.7422
ALAabcpp,DLkcat,5.7409
CPPPGO2,DLkcat,5.7098
ASNS2,DLkcat,5.6866
MDH_reverse,DLkcat,5.6817
AMALT4,DLkcat,5.666
THCDH,DLkcat,5.596
SHK3Dr_reverse_num1,DLkcat,5.5642
AMALT3,DLkcat,5.5527
DAPDH,DLkcat,5.55
GALTptspp,DLkcat,5.5456
PGCD,DLkcat,5.5427
OCTDPS,DLkcat,5.5427
G3PAT141_num4,DLkcat,5.5353
SDPDS,DLkcat,5.5152
ARBTptspp,DLkcat,5.464
TALA_reverse,DLkcat,5.464
G6PDA,DLkcat,5.4155
AMALT2,DLkcat,5.3888
SERAT,DLkcat,5.3799
MCPST_num2,DLkcat,5.3746
MOCOS_num3,DLkcat,5.3746
UPP3MT_num2,DLkcat,5.3746
TMPPP_num2,DLkcat,5.3746
DMATT_num2,DLkcat,5.3746
BMOCOS_num2,DLkcat,5.3746
BWCOS_num3,DLkcat,5.3746
DASYN140,DLkcat,5.3395
ACMANAptspp_num2,DLkcat,5.3109
DHPS2_num1,DLkcat,5.2134
G3PAT161_num3,DLkcat,5.2028
AMALT1,DLkcat,5.1309
G3PAT120_num4,DLkcat,5.1245
GALKr,DLkcat,5.1145
PGSA181,DLkcat,5.0475
DASYN160,DLkcat,5.0404
UDCPDPS,DLkcat,5.0279
3OAR60_reverse,DLkcat,4.9261
FMETTRS_num1,DLkcat,4.8976
PAPPT3,DLkcat,4.8796
G3PAT181_num2,DLkcat,4.8147
GLYC2Pabcpp,DLkcat,4.8119
RBFSa,DLkcat,4.8097
AHCYSNS,DLkcat,4.7864
CYANSTpp_num1,DLkcat,4.7235
G3PAT160_num3,DLkcat,4.7182
LYSTRS_num1,DLkcat,4.7113
MDH2,DLkcat,4.7021
ABTA,DLkcat,4.6385
HISTD,DLkcat,4.5976
SERAT_reverse,DLkcat,4.5426
HSST_num1,DLkcat,4.5387
GLNTRS,DLkcat,4.5369
U23GAAT_num1,DLkcat,4.5304
XTSNH_num3,DLkcat,4.438
ACOAD8f,DLkcat,4.4155
TKT2_reverse,DLkcat,4.4093
FA80ACPHi_num2,DLkcat,4.3979
PHETA1_reverse_num1,DLkcat,4.3872
ACOAD8f_reverse,DLkcat,4.3825
HETZK,DLkcat,4.3482
PGSA140,DLkcat,4.3252
CYTBD2pp,DLkcat,4.2666
LDH,DLkcat,4.2501
PRAIS,DLkcat,4.2247
PROabcpp,DLkcat,4.1952
3OAS180_num2,DLkcat,4.1785
PGSA160,DLkcat,4.1675
HXPRT_num2,DLkcat,4.141
U23GAAT_num2,DLkcat,4.1316
NADPHQR3_num2,DLkcat,4.1074
TYRTA_reverse_num1,DLkcat,4.0957
GLYCDx,DLkcat,4.0613
G3PD2,DLkcat,4.0489
PGSA180,DLkcat,4.039
FBA_reverse,DLkcat,4.0339
NNAM,DLkcat,3.9709
MCOATA_reverse_num1,DLkcat,3.96
MI2DH_reverse_num1,DLkcat,3.9254
AMMQLT8,DLkcat,3.9048
OHPBAT,DLkcat,3.9048
OCBT_reverse,DLkcat,3.8813
TMDS,DLkcat,3.8431
MALTabcpp,DLkcat,3.8278
PHETA1_num1,DLkcat,3.8195
ACALD_reverse,DLkcat,3.812
PGL,DLkcat,3.7809
TMPK,DLkcat,3.725
ASCBptspp,DLkcat,3.6947
UAGAAT_num5,DLkcat,3.6405
ASAD,DLkcat,3.6291
G3PAT181_num4,DLkcat,3.601
G3PAT180_num3,DLkcat,3.5855
GLNS_num2,DLkcat,3.5851
G3PAT181_num5,DLkcat,3.5711
ACMANAptspp_num1,DLkcat,3.5624
TKT1,DLkcat,3.5286
CYSTL,DLkcat,3.5125
RBFK_reverse,DLkcat,3.506
MTHFD_reverse,DLkcat,3.506
ACGAptspp,DLkcat,3.501
MDDCP5pp,DLkcat,3.4872
DPCOAK,DLkcat,3.4851
G3PAT140_num3,DLkcat,3.4652
IGPS,DLkcat,3.4627
HMBS,DLkcat,3.442
DMATT_num1,DLkcat,3.442
PGSA120,DLkcat,3.4129
PGSA141,DLkcat,3.4129
PGSA161,DLkcat,3.4129
LPLIPAL1A180pp_num1,DLkcat,3.4049
QULNS,DLkcat,3.4028
TYRTRS,DLkcat,3.3798
FACOAL160t2pp_num1,DLkcat,3.3591
FCLT,DLkcat,3.3368
FACOAL180t2pp_num1,DLkcat,3.3355
3OAS161_num2,DLkcat,3.3161
CBPS,DLkcat,3.3148
FACOAL80t2pp_num1,DLkcat,3.2208
RZ5PP,DLkcat,3.161
AACPS1_num2,DLkcat,3.1574
NAMNPP_reverse,DLkcat,3.1451
TALA,DLkcat,3.138
G1PTT_reverse,DLkcat,3.1317
TMPPP_num1,DLkcat,3.1158
THDPS_num2,DLkcat,3.1043
AACPS3_num3,DLkcat,3.0813
3OAR40_reverse,DLkcat,3.0276
MM_COA_ADD5_reverse,DLkcat,3.0192
ACONTb,DLkcat,3.0192
3OAS181_num2,DLkcat,3.004
3OAS160_num2,DLkcat,2.9884
DHFR,DLkcat,2.9884
XYLK,DLkcat,2.9787
VALt2rpp,DLkcat,2.9787
GPDDA5,DLkcat,2.9555
FACOAL60t2pp_num1,DLkcat,2.9336
FACOAL181t2pp_num1,DLkcat,2.9245
UAGPT3,DLkcat,2.9221
FACOAL161t2pp_num1,DLkcat,2.9186
URAt2pp_num1,DLkcat,2.8721
PRAGSr,DLkcat,2.8364
GAPD_reverse_num1,DLkcat,2.8114
ADCS,DLkcat,2.7222
ADNK1,DLkcat,2.7115
3OAS180_num3,DLkcat,2.6965
HSDy,DLkcat,2.6944
DHDPS,DLkcat,2.6944
ALAALAr_reverse,DLkcat,2.6883
G3PAT120_num3,DLkcat,2.6627
3OAS161_num3,DLkcat,2.5985
MTHFC_reverse,DLkcat,2.5956
ASNN,DLkcat,2.5633
SBTptspp,DLkcat,2.5456
AACPS1_num3,DLkcat,2.5424
3OAS160_num3,DLkcat,2.5265
3OAS181_num3,DLkcat,2.5247
SPMDAT1,DLkcat,2.4634
3OAR180_reverse,DLkcat,2.3898
TREptsp_num1,DLkcat,2.3717
THMabcpp,DLkcat,2.3717
XTSNH_num1,DLkcat,2.3657
DHDPRy,DLkcat,2.3606
NADH17pp,DLkcat,2.3467
MCPST_num1,DLkcat,2.2893
PAPSR,DLkcat,2.2893
MI2DH_num2,DLkcat,2.276
GALUi_num1,DLkcat,2.2728
GLCP_num1,DLkcat,2.2475
DHACOAH,DLkcat,2.2472
ASPTA,DLkcat,2.1985
FE3DHBZStonex,DLkcat,2.1969
ARGORNt7pp_reverse,DLkcat,2.1781
FACOAL120t2pp_num2,DLkcat,2.1749
PYK_num2,DLkcat,2.1316
ACHACB,DLkcat,2.1261
DPR,DLkcat,2.1138
GLYBabcpp_num1,DLkcat,2.075
FTHFD,DLkcat,2.0512
PYDXNK,DLkcat,2.0385
CRNDCAL2,DLkcat,1.9766
G3PD5,DLkcat,1.9328
URAt2rpp_num1,DLkcat,1.8832
MAN1PG,DLkcat,1.735
DHNCOAT,DLkcat,1.7314
FUMt2_2pp,DLkcat,1.7239
ACt2rpp_reverse,DLkcat,1.7122
FA160ACPHi_num2,DLkcat,1.7109
ENO_reverse,DLkcat,1.7067
MI2DH_num3,DLkcat,1.6934
NADS1,DLkcat,1.6827
ICDHyr,DLkcat,1.667
UAMAGS,DLkcat,1.6652
FA100ACPHi_num2,DLkcat,1.6561
MOCOS_num1,DLkcat,1.6334
MALTATr_reverse,DLkcat,1.6287
DSERt2pp,DLkcat,1.6065
ADSS,DLkcat,1.5998
DHFS,DLkcat,1.5962
TREptspp_num1,DLkcat,1.5863
ADSL2r_reverse,DLkcat,1.5863
AP5AH,DLkcat,1.5627
METAT,DLkcat,1.539
DHNCOAS,DLkcat,1.5081
G3PAT120_num5,DLkcat,1.4882
PSP_L,DLkcat,1.4882
G3PAT140_num2,DLkcat,1.4882
PRPPS,DLkcat,1.4882
GTPDPDP_num1,DLkcat,1.4882
G5SD,DLkcat,1.3809
GTHOr,DLkcat,1.2698
AGM4PApp,DLkcat,1.2607
UGMDDS,DLkcat,1.2593
FRUURt2rpp,DLkcat,1.2496
PA120abcpp_num1,DLkcat,1.2496
PRATPP,DLkcat,1.2056
BPNT,DLkcat,1.2056
SPMS,DLkcat,1.1793
DHPPDA2_num1,DLkcat,1.1506
PA141abcpp_num1,DLkcat,1.1468
ALAALAr,DLkcat,1.1239
AGPR_reverse,DLkcat,1.0934
G6PDH2r_reverse,DLkcat,1.0361
G1PTT,DLkcat,1.008
KAS15_num1,DLkcat,1.0056
OMPDC,DLkcat,1.005
ACKr_reverse,DLkcat,0.992
PGP141abcpp_num1,DLkcat,0.9804
MSDHD_num1,DLkcat,0.9758
PA161abcpp_num1,DLkcat,0.9441
DXPRIi,DLkcat,0.9409
HISTP,DLkcat,0.9126
ACBIPGT,DLkcat,0.8824
GP4GH,DLkcat,0.8809
TRPt2rpp,DLkcat,0.8327
AMAOTr,DLkcat,0.8244
ADOCBIK,DLkcat,0.8142
XTSNH_num2,DLkcat,0.8141
NADPHQR4_num2,DLkcat,0.8037
MCITL2_reverse_num1,DLkcat,0.7894
FA161ACPHi_num2,DLkcat,0.788
DHFR_reverse,DLkcat,0.7563
L_LACD2,DLkcat,0.7367
GSNHYDRO_num1,DLkcat,0.7303
LDH_D2,DLkcat,0.7184
AACPS4_num3,DLkcat,0.7115
NADH10,DLkcat,0.6978
MAN1PG_reverse,DLkcat,0.6975
UAMDH_num2,DLkcat,0.6757
OMBZLM,DLkcat,0.6621
TRDR,DLkcat,0.6476
FACOAL181t2pp_num2,DLkcat,0.6416
FACOAL180t2pp_num2,DLkcat,0.5951
PGP181abcpp_num1,DLkcat,0.5926
FOMETRi,DLkcat,0.5662
DHPTDNRN,DLkcat,0.5317
GLYCK,DLkcat,0.5223
ATPPRT,DLkcat,0.5127
LYSt2pp_reverse,DLkcat,0.511
NNDMBRT,DLkcat,0.506
PSCVT_reverse,DLkcat,0.4705
XANt2pp_num1,DLkcat,0.4568
GALUi_num2,DLkcat,0.4564
G6PDH2r,DLkcat,0.4537
OHPBAT_reverse,DLkcat,0.4284
OCBT,DLkcat,0.4028
SUCBZL,DLkcat,0.4023
ACt2rpp,DLkcat,0.3949
ILEt2rpp,DLkcat,0.3878
ADSL1r_reverse,DLkcat,0.3852
LEUt2rpp_num1,DLkcat,0.3852
PY5PSH_reverse,DLkcat,0.385
HSTPT_num2,DLkcat,0.3756
MTHFC,DLkcat,0.3506
G3PAT140_num4,DLkcat,0.3404
PYK_num1,DLkcat,0.3386
FRUK,DLkcat,0.3367
PPND,DLkcat,0.3307
ACCOAC_num1,DLkcat,0.3251
CTBTCAL2,DLkcat,0.324
UAGAAT_reverse_num1,DLkcat,0.3115
3NTD7pp,DLkcat,0.2845
ACOAD7f_reverse,DLkcat,0.279
PPCDC,DLkcat,0.2739
GLYOD,DLkcat,0.2706
2MAHMP,DLkcat,0.2697
LYSt2pp,DLkcat,0.2467
ALCD2x_reverse_num1,DLkcat,0.2432
PPPGO,DLkcat,0.2355
ACOAD1f,DLkcat,0.2301
PTAr,DLkcat,0.2297
FACOAL141t2pp_num2,DLkcat,0.2224
ACOAD3f,DLkcat,0.2214
DXPS,DLkcat,0.2213
GLUCYS,DLkcat,0.2192
ACOAD4f,DLkcat,0.2166
LEUt2rpp_reverse_num1,DLkcat,0.2137
ACOAD2f,DLkcat,0.2137
ACOAD5f,DLkcat,0.2123
ACOAD6f,DLkcat,0.2085
GLUTRR,DLkcat,0.2016
FRUURt2rpp_reverse,DLkcat,0.2002
ME2,DLkcat,0.2002
MTHFD,DLkcat,0.185
ME1_num1,DLkcat,0.1846
UDPGD_num1,DLkcat,0.1828
ARGTRS_num1,DLkcat,0.174
GMPS2,DLkcat,0.1631
AACPS9_num2,DLkcat,0.1474
AMAOTr_reverse,DLkcat,0.1418
GTHOr_reverse,DLkcat,0.139
ADPRDP,DLkcat,0.1234
ASAD_reverse,DLkcat,0.1229
NNDPR,DLkcat,0.1155
UDCPDP,DLkcat,0.1063
PPC,DLkcat,0.0916
IPPS,DLkcat,0.0761
FACOAL100t2pp_num2,DLkcat,0.0639
AACPS9_num3,DLkcat,0.0616
DHORTS,DLkcat,0.0584
GUAPRT,DLkcat,0.0556
URAt2rpp_reverse_num1,DLkcat,0.0554
GLYOX,DLkcat,0.0467
TRPt2rpp_reverse,DLkcat,0.0463
G3PAT160_num5,DLkcat,0.0435
PMPK,DLkcat,0.0343
HSDy_reverse,DLkcat,0.025
ACACT1r_reverse,DLkcat,0.0227
TYRL,DLkcat,0.0219
PPGPPDP,DLkcat,0.0166
FACOAL140t2pp_num2,DLkcat,0.0044
PGP180abcpp_num2,DLkcat,
PGP181abcpp_num2,DLkcat,
PHEMEabcpp_num2,DLkcat,
TREptsp_num2,DLkcat,
TREptsp_num3,DLkcat,
TREptspp_num2,DLkcat,
TREptspp_num3,DLkcat,
URAt2pp_num2,DLkcat,
URAt2rpp_num2,DLkcat,
XANt2pp_num2,DLkcat,
ALATRS_num2,DLkcat,
ALATRS_num3,DLkcat,
ALATRS_num4,DLkcat,
ARGTRS_num2,DLkcat,
ARGTRS_num3,DLkcat,
ARGTRS_num4,DLkcat,
ARGTRS_num5,DLkcat,
ASNTRS_num2,DLkcat,
CYSTRS_num2,DLkcat,
FMETTRS_num2,DLkcat,
GLUTRS_num2,DLkcat,
GLUTRS_num3,DLkcat,
GLUTRS_num4,DLkcat,
GLYTRS_num2,DLkcat,
GLYTRS_num3,DLkcat,
GLYTRS_num4,DLkcat,
GLYTRS_num5,DLkcat,
ILETRS_num2,DLkcat,
LEUTRS_num2,DLkcat,
LEUTRS_num3,DLkcat,
LEUTRS_num4,DLkcat,
LEUTRS_num5,DLkcat,
LEUTRS_num6,DLkcat,
LYSTRS_num2,DLkcat,
LYSTRS_num3,DLkcat,
METTRS_num2,DLkcat,
METTRS_num3,DLkcat,
METTRS_num4,DLkcat,
PROTRS_num2,DLkcat,
PROTRS_num3,DLkcat,
SERTRS_num2,DLkcat,
SERTRS_num3,DLkcat,
SERTRS_num4,DLkcat,
THRTRS_num2,DLkcat,
THRTRS_num3,DLkcat,
THRTRS_num4,DLkcat,
VALTRS_num2,DLkcat,
VALTRS_num3,DLkcat,
VALTRS_num4,DLkcat,
PHETA1_num2,DLkcat,
SHK3Dr_num2,DLkcat,
TYRTA_num2,DLkcat,
ALCD19_reverse_num2,DLkcat,
ALCD19_reverse_num3,DLkcat,
MCITL2_reverse_num2,DLkcat,
MCITD_reverse_num2,DLkcat,
MCITD_reverse_num3,DLkcat,
GALUi_reverse_num2,DLkcat,
TRATF_reverse_num2,DLkcat,
GAPD_reverse_num2,DLkcat,
MI2DH_reverse_num2,DLkcat,
MI2DH_reverse_num3,DLkcat,
MI2DH_reverse_num4,DLkcat,
UAGAAT_reverse_num2,DLkcat,
UAGAAT_reverse_num3,DLkcat,
UAGAAT_reverse_num4,DLkcat,
UAGAAT_reverse_num5,DLkcat,
ACOATA_reverse_num2,DLkcat,
ACOATA_reverse_num3,DLkcat,
ACOATA_reverse_num4,DLkcat,
ACOATA_reverse_num5,DLkcat,
MCOATA_reverse_num2,DLkcat,
MCOATA_reverse_num3,DLkcat,
MCOATA_reverse_num4,DLkcat,
MCOATA_reverse_num5,DLkcat,
ALCD2x_reverse_num2,DLkcat,
LEUt2rpp_reverse_num2,DLkcat,
LEUt2rpp_reverse_num3,DLkcat,
URAt2rpp_reverse_num2,DLkcat,
PHETA1_reverse_num2,DLkcat,
SHK3Dr_reverse_num2,DLkcat,
TYRTA_reverse_num2,DLkcat,