,data_type,kcat
ALAR,Database,275.128125
ALATA_L,Database,1.29
ASNN,Database,263.72297073170733
ASNS1,Database,2.037777777777778
ASPT,Database,131.90357142857144
ASPTA,Database,452.2572727272727
DAAD,Database,255.1264642857143
2METS,Database,18.301538461538463
ACNML,Database,24.75333333333333
ADNUC_num1,Database,14.496153846153849
AGDC,Database,65.81
ALCD19_num1,Database,292.8888888888889
ALDD19x,Database,31.24904761904762
ALDD2x,Database,30.194117647058825
AMALT1,Database,1169.6714
AMALT2,Database,1169.6714
AMALT3,Database,1169.6714
AMALT4,Database,1169.6714
ARAI_num1,Database,191.76103448275865
BETALDHx,UniKP,6.236296388
BETALDHy,UniKP,6.236296388
DHACOAH,UniKP,1.815124258
DHAPT,UniKP,12.93234698
DHPTDNRN,UniKP,2.612917587
DRPA,Database,107.5737
FFSD_num1,Database,274.7513265500004
G3PT,UniKP,3.361813796
G6PDA,Database,224.3142857142857
GLCRD,Database,21.762727272727272
GLYCDx,UniKP,5.859010322
GLYK,Database,2191.34
GNK_num1,Database,0.1912636689244443
GUI1,Database,67.86666666666666
HCO3E,Database,2907913.636363636
HXCT,Database,290.0
MALGT,Database,105.25666666666666
MAN1PG,Database,104.49166666666667
MAN6PI,Database,22925.15333333333
MCITL2_num1,Database,63.21666666666667
MM_COA_ADD5,Database,3.84
MMM2,Database,134.3590909090909
MSDH_num1,Database,1.4538333333333333
PFK_2,Database,80.562
PGLYCP_num1,Database,36.91105263157895
PGMT,Database,80.77727272727273
PMANM_num1,Database,24.803846153846155
RBK_num1,Database,11.399090909090908
TRE6PP,Database,9.856923076923078
TRE6PS,Database,147.36857142857144
UDPG4E,Database,4496.622911923077
UDPGPpp_num1,Database,185.76402659373676
XYLI1,Database,4.944916666666667
XYLI2,Database,4.944916666666667
XYLK,Database,765.177
GALKr,Database,23.971307142857142
M1PD,Database,67.8875
MAN2D,Database,33.9143125
ICL,Database,7.475
MALS,Database,6.603991155666655
ME1_num1,Database,87.049
ME2,Database,7.436048215833343
PPA,Database,816.96656
PPA2,Database,816.96656
PPC,Database,0.055
PPCK,Database,337.43333333333334
ABTA,Database,2.055
ACGK,Database,38.25
ACGS,Database,2.1999998
ACODA,Database,1314.0
ACOTA,Database,1.185
AMPTASEPG_num1,Database,239.12731707317076
ARGSL,Database,7.315875950000017
CBPS,Database,3.3582539523809523
GLU5K,Database,12.25
OCBT,Database,1190.9444444444443
P5CD,Database,3.912391304347826
P5CR,Database,995.5918027272728
PROD2,Database,14.677777777777775
SPMDAT1,Database,1.9095
SPMDAT2_num1,Database,1.9095
SPMS,Database,89.61916666666667
SSALy_num1,Database,4.218571428571429
UREAAH,Database,3345.5
3HAD100,Database,9.28053181818182
3HAD120,Database,9.28053181818182
3HAD121,Database,9.28053181818182
3HAD140,Database,9.28053181818182
3HAD141,Database,9.28053181818182
3HAD160,Database,9.28053181818182
3HAD161,Database,9.28053181818182
3HAD180,Database,9.28053181818182
3HAD181,Database,9.28053181818182
3HAD40,none,0.0
3HAD60,Database,9.28053181818182
3HAD80,Database,9.28053181818182
3OAR100,Database,25.627636363636363
3OAR120,Database,25.627636363636363
3OAR140,Database,25.627636363636363
3OAR160,Database,25.627636363636363
3OAR180,Database,25.627636363636363
3OAR40,Database,25.627636363636363
3OAR60,Database,25.627636363636363
3OAR80,Database,25.627636363636363
3OAS100_num1,Database,0.1708571428571428
3OAS120_num1,Database,0.1708571428571428
3OAS121_num1,UniKP,7.802865546
3OAS140_num1,Database,0.1708571428571428
3OAS141_num1,UniKP,7.802865546
3OAS160_num1,UniKP,7.802865546
3OAS161_num1,UniKP,7.802865546
3OAS180_num1,UniKP,7.802865546
3OAS181_num1,UniKP,7.802865546
3OAS60_num1,Database,0.1708571428571428
3OAS80_num1,UniKP,7.802865546
AACPS1_num1,UniKP,5.036041555
AACPS2_num1,UniKP,5.036041555
AACPS3_num1,UniKP,5.036041555
AACPS4_num1,UniKP,5.036041555
AACPS5_num1,UniKP,5.036041555
AACPS6_num1,UniKP,5.036041555
AACPS7_num1,UniKP,5.036041555
AACPS8_num1,Database,0.016
AACPS9_num1,Database,0.016
ALAALAr,Database,1.5493431307692307
EAR100x,Database,17.880670714285714
EAR100y,Database,26.96333333333333
EAR120x,Database,17.880670714285714
EAR120y,Database,26.96333333333333
EAR121x,Database,17.880670714285714
EAR121y,Database,26.96333333333333
EAR140x,Database,17.880670714285714
EAR140y,Database,26.96333333333333
EAR141x,Database,17.880670714285714
EAR141y,Database,26.96333333333333
EAR160x,Database,17.880670714285714
EAR160y,Database,26.96333333333333
EAR161x,Database,17.880670714285714
EAR161y,Database,26.96333333333333
EAR180x,Database,17.880670714285714
EAR180y,Database,26.96333333333333
EAR181x,Database,17.880670714285714
EAR181y,Database,26.96333333333333
EAR40x,Database,17.880670714285714
EAR40y,Database,26.96333333333333
EAR60x,Database,17.880670714285714
EAR60y,Database,26.96333333333333
EAR80x,Database,17.880670714285714
EAR80y,Database,26.96333333333333
FA100ACPHi_num1,Database,3.282793103448276
FA120ACPHi_num1,Database,3.282793103448276
FA140ACPHi_num1,Database,3.282793103448276
FA141ACPHi_num1,Database,3.282793103448276
FA160ACPHi_num1,Database,3.282793103448276
FA161ACPHi_num1,Database,3.282793103448276
FA80ACPHi_num1,Database,3.282793103448276
FACOAL100t2pp_num1,Database,0.6263333333333333
FACOAL120t2pp_num1,Database,0.6263333333333333
FACOAL140t2pp_num1,Database,0.6263333333333333
FACOAL141t2pp_num1,Database,0.6263333333333333
FACOAL160t2pp_num1,Database,0.6263333333333333
FACOAL161t2pp_num1,Database,0.6263333333333333
FACOAL180t2pp_num1,Database,0.6263333333333333
FACOAL181t2pp_num1,Database,0.6263333333333333
FACOAL60t2pp_num1,Database,0.6263333333333333
FACOAL80t2pp_num1,Database,0.6263333333333333
G1PACT,Database,18.397
GF6PTA,Database,12.19958375
GLUR,Database,3855.6993939393938
INPTH,Database,2.03814
MI1PP_num1,Database,108.48764705882353
PGAMT,Database,1.5664
TDPGDH_num1,Database,79.22800000000001
UAAGDS,Database,3.7085714285714286
UAGCVT_num1,Database,0.5996874999999999
UAGDP,Database,18.397
UAGPT3,Database,2.198888888888889
UAMAGS,Database,94.14696981818182
UAMAS,Database,46.16935483870968
UAMDH_num1,Database,30.20769230769231
UDCPDP,Database,82.04444444444445
UDPGALM,Database,19.487721052631574
UDPGD_num1,Database,8.299518518518518
UGMDDS,Database,508.5
3OAR121,Database,25.627636363636363
3OAR141,Database,25.627636363636363
3OAR161,Database,25.627636363636363
3OAR181,Database,25.627636363636363
G1PTT,Database,6.283753333333333
GALUi_num1,Database,178.62
PAPPT3,Database,204.052
ACONTa,Database,202.78
ACONTb,Database,202.78
AKGDH,Database,502.85
CS_num1,Database,103.70476667142856
FUM,Database,374.3333333333333
ICDHyr,Database,16.592
MDH,Database,327.54545454545456
MDH2,Database,9.9475
MDH3,Database,9.9475
PYRC,Database,5.78695
SUCOAS,Database,75.5012
ACBIPGT,Database,2.1918333333333333
ACPS1_num1,Database,0.4783178048780487
ADCS,Database,0.2981117
ADOCBIK,Database,0.221
ADOCBLS,UniKP,3.521089531
ALATA_D2,Database,0.0597266437716667
ALATA_L2,Database,0.0597266437716667
AMAOTr,Database,15.193350301700017
AMPMS2,Database,999.0
ASP1DC,Database,244.09184108479968
BMOCOS_num1,UniKP,2.030513694
BTS4,Database,168.81702745
BWCOS_num1,UniKP,4.848454601
CPMPS_num1,Database,0.000725
CPPPGO2,Database,225.02
DBTS,Database,17.365760416875
DHFR,Database,42.555625
DHFS,Database,0.4166667
DHNCOAT,UniKP,2.24585072
DHPPDA2_num1,Database,6.166667
DHPS2_num1,Database,77.02221538461538
DHPTPE,none,0.0
DMATT_num1,Database,0.675
DMPPS,Database,2.64
DPCOAK,Database,4.969783333333333
DPR,Database,0.0066392957609999
DXPRIi,Database,4.420241
DXPS,Database,49.35031818181818
FMNAT,Database,0.4028689363636363
G1SAT,Database,0.51
GDPDPK,none,0.0
GDPTPDP,Database,2.6358333333333333
GLUCYS,Database,1451.5185
GLUTRR,Database,199.912
GLYOD,Database,30.26505128205128
GRTT_num1,Database,7.893761928571428
GTHOr,Database,233.7
GTHRDHpp,Database,116.68910714285714
GTPCI,Database,7.2103725
GTPDPDP_num1,Database,3.89325
GTPDPK,Database,15.121666666666666
HETZK,Database,3.163333333333333
HMBS,Database,0.25
HPPK2,Database,499.585
ICHORS,Database,10.242083333333332
IPDDI,Database,2151.6445714285715
IPDPS,Database,2.64
LIPAMPL,none,0.0
LIPATPT,UniKP,2.571943159
LIPOCT,Database,0.2
MECDPS,Database,2.333333333333333
MEPCT,Database,87.87294117647059
MOCOS_num1,UniKP,16.50811904
MOHMT,Database,0.781
MPTAT,UniKP,4.739976359
MPTS,UniKP,6.068555777
MPTSS,UniKP,1.501481085
NADDP_num1,Database,109.25463121428572
NADK,Database,7.912307692307692
NADPPPS_num1,none,0.0
NADS1,Database,0.3166666666666666
NNAM,Database,15.08459
NNDMBRT,Database,37.924
NNDPR,Database,400.852
NPHS,Database,0.1363125
OCTDPS,UniKP,3.493627665
OCTNLL,UniKP,6.569008086
OHPBAT,Database,0.9214285714285716
OMBZLM,UniKP,1.799678255
PANTS_num1,Database,2.227222222222222
PMPK,Database,0.05434
PNTK,Database,0.3881818181818182
PPBNGS,Database,254.4625
PPCDC,Database,1.86666665
PPGPPDP,Database,15.121666666666666
PPNCL2,Database,1.81833333
PPPGO,Database,1.44043108303
PPPGO3,Database,1.44043108303
PTPATi,Database,10.478768555555556
PY5PSH,Database,0.016436
PYDAMK,Database,0.6681176470588235
PYDXK,Database,0.6681176470588235
PYDXNK,Database,0.6681176470588235
RBFSa,Database,0.0465222222222222
RBFSb,Database,0.5868883333333333
RZ5PP,UniKP,3.08361848
SEPHCHCS,UniKP,2.400044869
SUCBZL,Database,59.09333333333333
TDPDSH,Database,123.199
TMPK,Database,0.063
TMPPP_num1,Database,999.0
TRATF_num1,Database,3.7
UDCPDPS,Database,1.8239523957142856
UPP3MT_num1,Database,12.673703706666666
UPP3S,Database,286.086
UPPDC1,Database,333.147
WCOS_num1,UniKP,2.146932734
RBFK,Database,3.952
AMPTASECG_num1,Database,239.12731707317076
BPNT,Database,10.716666666666669
CYSS,Database,238.0
MCPST_num1,Database,354.759
PAPSR,Database,0.6108888888888889
PAPSR2,Database,0.6108888888888889
SADT2,Database,39.5642
SERAT,Database,1026.58444
SULRi,Database,33949.0
5FTHFC,Database,114.29444444444444
FOMETRi,UniKP,9.176308094
MTHFC,Database,2231.975
MTHFD,Database,94.9512
MTHFR2,Database,108.0259261111111
TMDS2,Database,0.0072
GLNS_num1,Database,127.194
GLUDy,Database,1353.1333333333334
GLUN,Database,434.370722225
GLUSy,Database,23.6
ACPPAT120,UniKP,3.757622976
ACPPAT140,UniKP,4.364763907
ACPPAT141,UniKP,5.036041555
ACPPAT160,UniKP,6.066441308
ACPPAT161,UniKP,7.010475053
ACPPAT180,UniKP,0.534060704
ACPPAT181,UniKP,3.896113435
APH140,Database,1085.964285825
DASYN120,Database,5.806666666666667
DASYN140,Database,5.806666666666667
DASYN141,Database,5.806666666666667
DASYN160,Database,5.806666666666667
DASYN161,Database,5.806666666666667
DASYN180,Database,5.806666666666667
DASYN181,Database,5.806666666666667
G3PAT120_num1,Database,0.029745
G3PAT140_num1,Database,0.029745
G3PAT141_num1,Database,0.029745
G3PAT160_num1,Database,0.029745
G3PAT161_num1,Database,0.029745
G3PAT180_num1,Database,0.029745
G3PAT181_num1,Database,0.029745
GPDDA2,Database,2.0446
GPDDA3,Database,2.0446
GPDDA4,Database,2.0446
GPDDA5,Database,2.0446
LPLIPAL1A180pp_num1,Database,1034.85
GHMT2r,Database,0.0597266437716667
GLYCK2,Database,275.0
PGCD,Database,274.0
PSERT,Database,0.9214285714285716
PSP_L,Database,384.062843
SARCOX,Database,2.7951863157894734
SERD_L,Database,317.218
ENO,Database,66.2408972972973
FBA,Database,7.543924240909091
FBP,Database,3.2
GAPD_num1,Database,6.45
GLBRAN2,Database,500.075
GLCP_num1,Database,88.96070909090909
GLCP2_num1,Database,88.96070909090909
GLCS1,Database,303.75
GLGC,Database,104.63045454545454
HEX1,Database,119.03364363636364
PDH,Database,486.0
PFK,Database,80.562
PGI,Database,1231.8181818181818
PGK,Database,106.74176625000015
PGM_num1,Database,294.38454545454545
PPS,Database,429.1593125
PYK_num1,Database,849.98
TPI,Database,11085.09090909091
GLYCK,Database,275.0
ATPPRT,Database,1.91
HISTD,Database,5.091545454545455
HISTP,Database,0.5265
HSTPT_num1,Database,2.85
IGPDH,Database,1000.0
PRAMPC,Database,4.2175
PRMICI,Database,7.91625
PRPPS,Database,45.42
CA2t3pp,none,0.0
CAt6pp_num1,none,0.0
COBALT2abcpp,none,0.0
COBALT2tpp,none,0.0
CYANSTpp_num1,Database,129.49428807142857
FDMO,UniKP,24.79957202
FE3abcpp_num1,none,0.0
FEROpp,Database,0.8543999812
Kabcpp_num1,none,0.0
Kt2pp,none,0.0
Kt3pp,none,0.0
MG2t3_2pp_num1,none,0.0
MN2tpp,none,0.0
NAt3_1p5pp_num1,none,0.0
NAt3_2pp_num1,none,0.0
NAt3pp,none,0.0
NH4tpp_num1,none,0.0
NO3t7pp,none,0.0
PIt2rpp,none,0.0
PIuabcpp,none,0.0
PPTHpp,Database,1193.863548387097
SFRD,Database,30.49533333333333
SULabcpp,none,0.0
ZN2abcpp_num1,none,0.0
ZN2t3pp,none,0.0
CD2tpp,none,0.0
CU2tpp,none,0.0
FE2tpp_num1,none,0.0
MI1PS,Database,2.03814
MI2DH_num1,Database,58.0
UAGAAT_num1,Database,9.166666666666666
ACACT1r,Database,250225.12
ACCOAC_num1,Database,10.213722222222222
ACOAD1f,UniKP,1.864205411
ACOAD2f,UniKP,4.617195436
ACOAD3f,UniKP,2.053267454
ACOAD4f,UniKP,1.957009258
ACOAD5f,UniKP,2.123478322
ACOAD6f,UniKP,2.148047995
ACOAD7f,UniKP,5.036041555
ACOAD8f,UniKP,3.435945843
ACOATA_num1,Database,17.168145925555557
KAS14_num1,Database,0.1708571428571428
KAS15_num1,Database,10.381983333333334
MCOATA_num1,Database,92.33634818181818
ACHACB,Database,941.2701672666672
AHCYSNS,Database,1.74599625
CYSTL,Database,1998.5073727272727
HSST_num1,Database,0.8935
METAT,Database,0.9518819739285714
METS,Database,170.34306666666666
METSOXR1_num1,Database,0.05333333
SHSL1_num1,Database,14.128883307000017
GLYOX,Database,454.7897614285714
LGTHL,Database,144.98947368421054
MCTP1App,none,0.0
MCTP1Bpp,none,0.0
MCTP2App,none,0.0
MDDCP3pp,Database,39.06617948717949
MDDCP4pp,Database,39.06617948717949
MDDCP5pp,Database,39.06617948717949
MPTG_num1,none,0.0
MPTG2_num1,UniKP,4.256283199
AGM4PApp,UniKP,1.523784917
NHFRBO_num1,none,0.0
NO3R1bpp,Database,335.0133333333333
NO3R2bpp,Database,335.0133333333333
3NTD7pp,UniKP,2.007794284
3NTD9pp,UniKP,2.833044145
ADK1,Database,32.576099996
ADK2,Database,32.576099996
ADK3,none,0.0
ADK4,none,0.0
ADNCYC,Database,389.699278126875
ADNK1,UniKP,2.179703208
ADPRDP,Database,16.53705882352941
ADPT,Database,4.7568125
AMPN,Database,41.333333333333336
AP5AH,UniKP,2.059121283
CYTK1,Database,91.2311111111111
CYTK2,Database,91.2311111111111
DCTPD_num1,Database,257.71
DGK1,Database,272.12
DTMPK,Database,2.8220666666666667
DUTPDP,Database,16.87076923076923
GK1,Database,272.12
GP4GH,UniKP,6.982695162
GSNHYDRO_num1,Database,14.496153846153849
GUAPRT,Database,4.52585
HXPRT_num1,Database,4.52585
INSH,Database,14.496153846153849
NDPK1,Database,186.27745833333333
NDPK2,Database,186.27745833333333
NDPK3,Database,186.27745833333333
NDPK4,Database,186.27745833333333
NDPK5,Database,186.27745833333333
NDPK6,Database,186.27745833333333
NDPK7,Database,186.27745833333333
NDPK8,Database,186.27745833333333
NNATr,Database,12.058166666666668
NTD1,Database,82.55666666666667
NTD10,Database,82.55666666666667
NTD11,Database,82.55666666666667
NTD12,Database,82.55666666666667
NTD2,Database,82.55666666666667
NTD3,Database,82.55666666666667
NTD4,Database,82.55666666666667
NTD5,Database,82.55666666666667
NTD6,Database,82.55666666666667
NTD7,Database,82.55666666666667
NTD8,Database,82.55666666666667
NTD9,Database,82.55666666666667
NTPTP1,Database,4000.0
NTPTP2,Database,4000.0
RNDR1,Database,1.046002377583338
RNDR1b,UniKP,10.88728417
RNDR2,Database,1.046002377583338
RNDR2b,UniKP,10.88728417
RNDR3,Database,1.046002377583338
RNDR3b,UniKP,10.88728417
RNDR4,Database,1.046002377583338
RNDR4b,UniKP,7.930389036
RNTR2c,UniKP,7.930389036
RNTR3c,UniKP,3.368659884
RNTR4c,UniKP,2.146932734
TMDS,Database,417.1682219400002
UMPK,Database,147.5
UPPRT_num1,Database,2.1397
URIDK2r,Database,2.8220666666666667
XTSNH_num1,Database,14.496153846153849
ATPS4rpp,Database,107.38777777777776
CAT,Database,157615.0
CRNCAL2,UniKP,9.537623399
CRNDCAL2,UniKP,1.523784917
CTBTCAL2,UniKP,1.523784917
CYTBD2pp,Database,44.29294117647059
CYTBDpp,Database,44.29294117647059
CYTBO3_4pp,Database,44.29294117647059
G3PD5,Database,33.3
LDH_D2,Database,161.88621545454546
NADH16pp,Database,720.1094060850043
NADH17pp,Database,720.1094060850043
NADH18pp,Database,720.1094060850043
NADH5,Database,56.06028106249999
NADPHQR2_num1,Database,81.48538461538462
NADPHQR3_num1,Database,81.48538461538462
NADPHQR4_num1,Database,81.48538461538462
NO3R1pp,Database,335.0133333333333
POX,Database,370.0
SPODM,Database,50519.8
TRDR,Database,14.073055
L_LACD2,Database,137.01683783783784
L_LACD3,Database,137.01683783783784
G6PDH2r,Database,1174.2029
GND,Database,37.753022056923406
PGL,Database,3.575
RPE,Database,1332.4597777777778
RPI,Database,7273.677142857143
TALA,Database,154.62857142857143
TKT1,Database,64521.705882352944
TKT2,Database,154.62857142857143
ADSL1r,Database,123.31
ADSL2r,Database,123.31
ADSS,Database,77.78661538461539
AICART,Database,5.363333333333333
AIRC2+AIRC3_reverse,Database,12.6186
ASPCT,Database,97.48194416666666
CTPS2,Database,3.4370333333333334
DHORD2,Database,96.02483185183333
DHORD5,UniKP,7.145941848
DHORTS,Database,64.35333333333334
GARFT,Database,6.3756
GMPS2,Database,88.30191666666667
IMPD_num1,Database,6.985
OMPDC,Database,120.18148148148148
ORPT,Database,262.62268
PRAGSr,Database,203.34
PRFGS,Database,499.525
ACALD,Database,8.8213
ACKr,Database,494.38461538461536
ALCD2x_num1,Database,292.8888888888889
FHL,UniKP,7.15181708
LDH_D,Database,883.2818489156626
PTAr,Database,366.3721052631579
LDH,Database,771.7073888888889
ASAD,Database,0.01689869804
ASPK,Database,0.02536070744
DAPDC_num1,Database,18.235
DAPDH,Database,108.92744444444445
DAPE,Database,71.69108333333334
DHDPS,Database,213.0
HSDy,Database,773.1900027000014
HSK,Database,10.715428571428571
SDPDS,Database,175.03814666666668
SDPTA,Database,24.0
THDPS_num1,UniKP,7.282025758
THRS,Database,3.175837452000011
ABUTt2pp,UniKP,12.93234698
ABUTtex,none,0.0
ACt2rpp,UniKP,11.82717899
ALAabcpp,UniKP,11.82717899
ARBabcpp,UniKP,11.82717899
ARBt3ipp,UniKP,12.93234698
ARBTptspp,UniKP,5.198828362
ARGORNt7pp,UniKP,12.93234698
ASCBptspp,UniKP,12.93234698
CHTBSptspp,UniKP,7.061980439
CITt7pp,UniKP,9.537623399
CTBTt2rpp,UniKP,9.245855909
CUt3,none,0.0
DALAt2pp,UniKP,1.936652018
DSERt2pp,UniKP,9.491264531
FE3DHBZStonex,UniKP,12.93234698
FRUpts2pp,UniKP,8.467705548
FRUURt2rpp,UniKP,2.438518479
FUMt2_2pp,UniKP,2.438518479
G3PCabcpp,UniKP,4.157139305
G3PEabcpp,UniKP,4.157139305
G3PGabcpp,UniKP,3.27403979
G3PIabcpp,UniKP,3.980646275
G3PSabcpp,UniKP,12.93234698
GALTptspp,UniKP,12.93234698
GAMptspp,UniKP,4.003173613
GLCabcpp,UniKP,12.93234698
GLUabcpp,UniKP,9.010277072
GLYBabcpp_num1,UniKP,4.423408701
GLYC2Pabcpp,UniKP,4.423408701
GLYC3Pabcpp,UniKP,19.82515842
GTHRDabc2pp,UniKP,19.82515842
ILEt2rpp,UniKP,3.8316121
LEUt2rpp_num1,UniKP,3.8316121
LYSabcpp,UniKP,8.749611391
LYSt2pp,UniKP,8.749611391
MALTabcpp,UniKP,12.93234698
MALTptspp,UniKP,13.58091441
METabcpp,UniKP,12.93234698
MNt2pp,none,0.0
NO3tex,none,0.0
PA120abcpp_num1,UniKP,8.333699442
PA140abcpp_num1,UniKP,7.525238119
PA141abcpp_num1,UniKP,7.525238119
PA160abcpp_num1,UniKP,6.055162162
PA161abcpp_num1,UniKP,6.055162162
PA180abcpp_num1,UniKP,7.798863784
PA181abcpp_num1,UniKP,8.163358471
PGP120abcpp_num1,UniKP,8.163358471
PGP140abcpp_num1,UniKP,6.641564318
PGP141abcpp_num1,UniKP,6.641564318
PGP160abcpp_num1,UniKP,4.349051908
PGP161abcpp_num1,UniKP,5.999649427
PGP180abcpp_num1,UniKP,6.384346947
PGP181abcpp_num1,UniKP,8.189518482
PHEMEabcpp_num1,UniKP,8.189518482
PROabcpp,UniKP,10.81657317
PROt4pp,UniKP,10.81657317
PSERtex_num1,none,0.0
RIBabcpp,UniKP,12.93234698
SPMDabcpp,UniKP,12.93234698
THMabcpp,UniKP,12.93234698
TREptsp_num1,UniKP,12.93234698
TREptspp_num1,UniKP,8.560581091
TRPt2rpp,UniKP,2.942759864
URAt2pp_num1,UniKP,10.54511784
URAt2rpp_num1,UniKP,2.647118141
UREAtpp,none,0.0
VALt2rpp,UniKP,10.14208576
XANt2pp_num1,UniKP,3.929049619
XYLUt2pp,UniKP,2.925327475
ALATRS_num1,UniKP,3.815610794
ARGTRS_num1,UniKP,6.918899998
ASPTRS,UniKP,5.732941755
CYSTRS_num1,UniKP,4.985765685
FMETTRS_num1,Database,12.649192307692308
GLNTRS,Database,112.51211111111112
GLUTRS_num1,Database,1.2668428571428572
GLYTRS_num1,UniKP,3.038311049
ILETRS_num1,Database,20.543333333333333
LEUTRS_num1,Database,9.298846274509804
LYSTRS_num1,UniKP,8.560581091
METTRS_num1,Database,6.187476190476191
PHETRS,Database,20.840466666666668
PROTRS_num1,Database,50.800275862068965
SERTRS_num1,Database,1.803436206896552
SERTRS2,Database,1.803436206896552
THRTRS_num1,Database,23.481176470588235
TRPTRS,Database,9.55
TYRTRS,Database,6.196153846153846
VALTRS_num1,Database,14.6324
ANPRT,Database,0.0598333964433334
ANS,Database,8.2855
CHORM,Database,1.05
CHORS,Database,0.43915
DDPA,Database,0.6887
DHQS,Database,1476.1764705882354
DHQTi,Database,52.26
IGPS,Database,4.483666666666667
PHETA1_num1,Database,2.85
PPND,Database,37.441818181818185
PPNDH,Database,0.002
PRAIi,Database,4.483666666666667
PSCVT,Database,5.67
SHK3Dr_num1,Database,121.6825
SHKK,Database,65.87383333333334
TRPS1,Database,20.55881363636364
TRPS2,Database,20.55881363636364
TRPS3,Database,20.55881363636364
TYRTA_num1,Database,2.85
INPSHE,Database,4.483666666666667
ACHBS,Database,64.40225
ACLS,Database,64.40225
DHAD1,Database,14.895461538461538
DHAD2,Database,14.895461538461538
ILETA,Database,14.409230769230769
IPMD,Database,47.95325
IPPMIa,Database,3.2
IPPMIb,Database,3.2
IPPS,Database,2.584911764705882
KARA1,Database,1.51457
KARA2,Database,1.51457
THRD_L_num1,Database,26048.67963750001
VALTA,Database,14.409230769230769
LEUTAi,Database,14.409230769230769
ALAR_reverse,Database,275.128125
ALATA_L_reverse,Database,1.29
ASPTA_reverse,Database,452.2572727272727
2METS_reverse,Database,18.301538461538463
ALCD19_reverse_num1,Database,292.8888888888889
ARAI_reverse_num1,Database,191.76103448275865
DHACOAH_reverse,none,0.0
GUI1_reverse,Database,67.86666666666666
HCO3E_reverse,Database,2907913.636363636
MALGT_reverse,Database,105.25666666666666
MAN1PG_reverse,Database,104.49166666666667
MAN6PI_reverse,Database,22925.15333333333
MCITL2_reverse_num1,Database,63.21666666666667
MM_COA_ADD5_reverse,Database,3.84
PGMT_reverse,Database,80.77727272727273
PMANM_reverse_num1,Database,24.803846153846155
UDPG4E_reverse,Database,4496.622911923077
XYLI1_reverse,Database,4.944916666666667
ACOTA_reverse,Database,1.185
ARGSL_reverse,Database,7.315875950000017
OCBT_reverse,Database,1190.9444444444443
3OAR100_reverse,Database,25.627636363636363
3OAR120_reverse,Database,25.627636363636363
3OAR140_reverse,Database,25.627636363636363
3OAR160_reverse,Database,25.627636363636363
3OAR180_reverse,Database,25.627636363636363
3OAR40_reverse,Database,25.627636363636363
3OAR60_reverse,Database,25.627636363636363
3OAR80_reverse,Database,25.627636363636363
ALAALAr_reverse,Database,1.5493431307692307
GLUR_reverse,Database,3855.6993939393938
PGAMT_reverse,Database,1.5664
G1PTT_reverse,Database,6.283753333333333
GALUi_reverse_num1,Database,178.62
PAPPT3_reverse,Database,204.052
ACONTa_reverse,Database,0.5114488869583371
ACONTb_reverse,Database,0.5114488869583371
FUM_reverse,Database,374.3333333333333
MDH_reverse,Database,327.54545454545456
PYRC_reverse,UniKP,10.78523611
AMAOTr_reverse,Database,15.193350301700017
DHFR_reverse,Database,42.555625
DHPTPE_reverse,none,0.0
G1SAT_reverse,Database,0.51
GTHOr_reverse,Database,233.7
ICHORS_reverse,Database,10.242083333333332
IPDDI_reverse,Database,2151.6445714285715
OHPBAT_reverse,Database,0.9214285714285716
PY5PSH_reverse,Database,0.016436
TRATF_reverse_num1,Database,3.7
RBFK_reverse,Database,3.952
SERAT_reverse,Database,1026.58444
MTHFC_reverse,Database,2231.975
MTHFD_reverse,Database,94.9512
GHMT2r_reverse,Database,0.0597266437716667
ENO_reverse,Database,66.2408972972973
FBA_reverse,UniKP,7.95461901
GAPD_reverse_num1,Database,6.45
PGI_reverse,Database,1231.8181818181818
PGK_reverse,Database,106.74176625000015
PGM_reverse_num1,Database,294.38454545454545
TPI_reverse,Database,11085.09090909091
PRMICI_reverse,Database,7.91625
PRPPS_reverse,Database,45.42
CAt6pp_reverse_num1,none,0.0
MG2t3_2pp_reverse_num1,none,0.0
NH4tpp_reverse_num1,none,0.0
PIt2rpp_reverse,none,0.0
MI2DH_reverse_num1,Database,58.0
UAGAAT_reverse_num1,Database,9.166666666666666
ACACT1r_reverse,Database,250225.12
ACOAD1f_reverse,UniKP,8.323404424
ACOAD2f_reverse,UniKP,3.435945843
ACOAD3f_reverse,UniKP,14.79234266
ACOAD4f_reverse,UniKP,6.57888453
ACOAD5f_reverse,UniKP,7.26553543
ACOAD6f_reverse,UniKP,14.79234266
ACOAD7f_reverse,UniKP,2.198879436
ACOAD8f_reverse,UniKP,2.198879436
ACOATA_reverse_num1,Database,17.168145925555557
MCOATA_reverse_num1,Database,92.33634818181818
ADK1_reverse,Database,32.576099996
ADK2_reverse,Database,32.576099996
ADK3_reverse,none,0.0
ADK4_reverse,none,0.0
CYTK1_reverse,Database,91.2311111111111
CYTK2_reverse,Database,91.2311111111111
DGK1_reverse,Database,272.12
DTMPK_reverse,Database,2.8220666666666667
GK1_reverse,Database,272.12
NDPK1_reverse,Database,186.27745833333333
NDPK2_reverse,Database,186.27745833333333
NDPK3_reverse,Database,186.27745833333333
NDPK4_reverse,Database,186.27745833333333
NDPK5_reverse,Database,186.27745833333333
NDPK6_reverse,Database,186.27745833333333
NDPK7_reverse,Database,186.27745833333333
NDPK8_reverse,Database,186.27745833333333
NNATr_reverse,Database,12.058166666666668
UMPK_reverse,Database,147.5
URIDK2r_reverse,Database,2.8220666666666667
ATPS4rpp_reverse,Database,107.38777777777776
G6PDH2r_reverse,Database,1174.2029
RPE_reverse,Database,1332.4597777777778
RPI_reverse,Database,7273.677142857143
TALA_reverse,Database,154.62857142857143
TKT1_reverse,Database,64521.705882352944
TKT2_reverse,Database,154.62857142857143
ADSL1r_reverse,Database,123.31
ADSL2r_reverse,Database,123.31
AICART_reverse,Database,5.363333333333333
DHORTS_reverse,Database,64.35333333333334
GARFT_reverse,Database,6.3756
ORPT_reverse,Database,262.62268
PRAGSr_reverse,Database,203.34
ACALD_reverse,Database,8.8213
ACKr_reverse,Database,494.38461538461536
ALCD2x_reverse_num1,Database,292.8888888888889
LDH_D_reverse,Database,883.2818489156626
PTAr_reverse,Database,366.3721052631579
ASAD_reverse,Database,0.01689869804
ASPK_reverse,Database,0.02536070744
DAPE_reverse,Database,71.69108333333334
HSDy_reverse,Database,773.1900027000014
SDPTA_reverse,Database,24.0
ABUTtex_reverse,none,0.0
ACt2rpp_reverse,UniKP,6.12486614
ARGORNt7pp_reverse,UniKP,10.81657317
CTBTt2rpp_reverse,UniKP,2.288113879
FRUURt2rpp_reverse,UniKP,19.74019877
ILEt2rpp_reverse,UniKP,7.158534967
LEUt2rpp_reverse_num1,UniKP,3.435945843
LYSt2pp_reverse,UniKP,0.730055014
NO3tex_reverse,none,0.0
PSERtex_reverse_num1,none,0.0
TRPt2rpp_reverse,UniKP,3.435945843
URAt2rpp_reverse_num1,UniKP,0.730055014
UREAtpp_reverse,none,0.0
VALt2rpp_reverse,UniKP,3.435945843
PHETA1_reverse_num1,Database,2.85
PSCVT_reverse,Database,5.67
SHK3Dr_reverse_num1,Database,121.6825
TYRTA_reverse_num1,Database,2.85
ILETA_reverse,Database,14.409230769230769
IPPMIa_reverse,Database,3.2
IPPMIb_reverse,Database,3.2
KARA1_reverse,Database,1.51457
KARA2_reverse,Database,1.51457
LEUTAi_reverse,Database,14.409230769230769
ADNUC_num2,Database,14.496153846153849
ADNUC_num3,Database,14.496153846153849
ALCD19_num3,Database,292.8888888888889
ARAI_num2,Database,191.76103448275865
FFSD_num2,Database,313.92430842500096
GNK_num2,Database,0.5567794417022235
MCITL2_num2,Database,63.21666666666667
MSDH_num2,Database,1.4538333333333333
PGLYCP_num2,Database,36.91105263157895
PMANM_num2,Database,24.803846153846155
RBK_num2,Database,11.399090909090908
UDPGPpp_num2,Database,330.67195297476894
ME1_num2,Database,87.049
AMPTASEPG_num2,Database,239.12731707317076
SPMDAT2_num2,Database,1.9095
SPMDAT2_num3,Database,1.9095
SPMDAT2_num4,Database,1.9095
SPMDAT2_num6,Database,1.9095
SSALy_num2,Database,4.218571428571429
SSALy_num3,Database,4.218571428571429
3OAS100_num2,Database,0.1708571428571428
3OAS100_num3,Database,0.1708571428571428
3OAS120_num2,Database,0.1708571428571428
3OAS120_num3,Database,0.1708571428571428
3OAS121_num2,UniKP,7.802865546
3OAS121_num3,UniKP,7.802865546
3OAS140_num2,Database,0.1708571428571428
3OAS140_num3,Database,0.1708571428571428
3OAS141_num2,UniKP,5.036041555
3OAS141_num3,UniKP,5.036041555
3OAS160_num2,UniKP,5.036041555
3OAS160_num3,UniKP,5.036041555
3OAS161_num2,UniKP,5.036041555
3OAS161_num3,UniKP,5.036041555
3OAS180_num2,UniKP,5.036041555
3OAS180_num3,UniKP,5.036041555
3OAS181_num2,UniKP,5.036041555
3OAS181_num3,UniKP,5.036041555
3OAS60_num2,Database,0.1708571428571428
3OAS60_num3,Database,0.1708571428571428
3OAS80_num2,UniKP,5.318051598
3OAS80_num3,UniKP,5.318051598
AACPS1_num2,UniKP,5.036041555
AACPS1_num3,UniKP,3.493627665
AACPS2_num2,UniKP,3.962805676
AACPS2_num3,UniKP,4.364763907
AACPS3_num2,UniKP,5.036041555
AACPS3_num3,UniKP,12.93234698
AACPS4_num2,UniKP,3.307973996
AACPS4_num3,UniKP,2.644307853
AACPS5_num2,UniKP,20.6498801
AACPS5_num3,UniKP,4.071080595
AACPS6_num2,UniKP,5.513106996
AACPS6_num3,UniKP,5.513106996
AACPS7_num2,UniKP,4.848454601
AACPS7_num3,UniKP,4.848454601
AACPS8_num2,Database,0.016
AACPS8_num3,Database,0.016
AACPS9_num2,Database,0.016
AACPS9_num3,Database,0.016
FA100ACPHi_num2,Database,3.282793103448276
FA120ACPHi_num2,Database,3.282793103448276
FA140ACPHi_num2,Database,3.282793103448276
FA141ACPHi_num2,Database,3.282793103448276
FA160ACPHi_num2,Database,3.282793103448276
FA161ACPHi_num2,Database,3.282793103448276
FA80ACPHi_num2,Database,3.282793103448276
MI1PP_num2,Database,108.48764705882353
TDPGDH_num2,Database,79.22800000000001
TDPGDH_num3,Database,79.22800000000001
UAGCVT_num2,Database,0.5996874999999999
UAMDH_num2,Database,30.20769230769231
UDPGD_num2,Database,8.299518518518518
GALUi_num2,Database,178.62
CS_num2,Database,103.70476667142856
ACPS1_num2,Database,0.4783178048780487
ACPS1_num3,Database,0.4783178048780487
BMOCOS_num2,UniKP,3.896113435
BMOCOS_num3,UniKP,3.896113435
BWCOS_num2,UniKP,3.962805676
BWCOS_num3,UniKP,3.962805676
CPMPS_num2,Database,0.000725
DHPPDA2_num2,Database,6.166667
DHPS2_num2,Database,77.02221538461538
DMATT_num2,Database,0.675
GRTT_num2,Database,7.893761928571428
GTPDPDP_num2,Database,3.89325
MOCOS_num2,UniKP,4.364763907
MOCOS_num3,UniKP,4.364763907
NADDP_num2,Database,109.25463121428572
NADPPPS_num2,none,0.0
NADPPPS_num3,none,0.0
PANTS_num2,Database,2.227222222222222
TMPPP_num2,Database,999.0
TMPPP_num3,Database,999.0
TRATF_num2,Database,3.7
UPP3MT_num2,Database,12.673703706666666
WCOS_num2,UniKP,6.066441308
WCOS_num3,UniKP,6.066441308
AMPTASECG_num2,Database,239.12731707317076
MCPST_num2,Database,354.759
MCPST_num3,Database,354.759
GLNS_num2,Database,127.194
G3PAT120_num2,Database,0.029745
G3PAT120_num4,Database,0.029745
G3PAT120_num5,Database,0.029745
G3PAT140_num2,Database,0.029745
G3PAT140_num4,Database,0.029745
G3PAT140_num5,Database,0.029745
G3PAT141_num2,Database,0.029745
G3PAT141_num4,Database,0.029745
G3PAT141_num5,Database,0.029745
G3PAT160_num2,Database,0.029745
G3PAT160_num4,Database,0.029745
G3PAT160_num5,Database,0.029745
G3PAT161_num2,Database,0.029745
G3PAT161_num4,Database,0.029745
G3PAT161_num5,Database,0.029745
G3PAT180_num2,Database,0.029745
G3PAT180_num4,Database,0.029745
G3PAT180_num5,Database,0.029745
G3PAT181_num2,Database,0.029745
G3PAT181_num4,Database,0.029745
G3PAT181_num5,Database,0.029745
LPLIPAL1A180pp_num2,Database,1034.85
GAPD_num2,Database,6.45
GLCP_num2,Database,88.96070909090909
GLCP2_num2,Database,88.96070909090909
PGM_num2,Database,294.38454545454545
PGM_num3,Database,294.38454545454545
PGM_num5,Database,294.38454545454545
PYK_num2,Database,849.98
HSTPT_num2,Database,2.85
CAt6pp_num2,none,0.0
CAt6pp_num3,none,0.0
CAt6pp_num4,none,0.0
CAt6pp_num5,none,0.0
CAt6pp_num6,none,0.0
CAt6pp_num7,none,0.0
CAt6pp_num8,none,0.0
CAt6pp_num9,none,0.0
CYANSTpp_num2,Database,129.49428807142857
CYANSTpp_num3,Database,129.49428807142857
CYANSTpp_num4,Database,129.49428807142857
CYANSTpp_num5,Database,129.49428807142857
FE3abcpp_num2,none,0.0
Kabcpp_num2,none,0.0
Kabcpp_num3,none,0.0
Kabcpp_num4,none,0.0
Kabcpp_num5,none,0.0
MG2t3_2pp_num2,none,0.0
NAt3_1p5pp_num2,none,0.0
NAt3_1p5pp_num3,none,0.0
NAt3_1p5pp_num4,none,0.0
NAt3_1p5pp_num5,none,0.0
NAt3_1p5pp_num6,none,0.0
NAt3_1p5pp_num7,none,0.0
NAt3_1p5pp_num8,none,0.0
NAt3_1p5pp_num9,none,0.0
NAt3_2pp_num2,none,0.0
NAt3_2pp_num3,none,0.0
NAt3_2pp_num4,none,0.0
NAt3_2pp_num5,none,0.0
NAt3_2pp_num6,none,0.0
NAt3_2pp_num7,none,0.0
NAt3_2pp_num8,none,0.0
NAt3_2pp_num9,none,0.0
NH4tpp_num2,none,0.0
ZN2abcpp_num2,none,0.0
FE2tpp_num2,none,0.0
MI2DH_num2,Database,58.0
MI2DH_num3,Database,58.0
MI2DH_num4,Database,58.0
UAGAAT_num2,Database,9.166666666666666
UAGAAT_num4,Database,9.166666666666666
UAGAAT_num5,Database,9.166666666666666
ACCOAC_num2,Database,10.213722222222222
ACOATA_num2,Database,17.168145925555557
ACOATA_num4,Database,17.168145925555557
ACOATA_num5,Database,17.168145925555557
KAS14_num2,Database,0.1708571428571428
KAS14_num3,Database,0.1708571428571428
KAS15_num2,Database,10.381983333333334
KAS15_num3,Database,10.381983333333334
MCOATA_num2,Database,92.33634818181818
MCOATA_num4,Database,92.33634818181818
MCOATA_num5,Database,92.33634818181818
HSST_num2,Database,0.8935
METSOXR1_num2,Database,0.05333333
SHSL1_num2,Database,13.770658424416684
MPTG_num2,none,0.0
MPTG_num3,none,0.0
MPTG_num4,none,0.0
MPTG2_num2,UniKP,6.100909884
MPTG2_num3,UniKP,6.100909884
MPTG2_num4,UniKP,6.641564318
NHFRBO_num2,none,0.0
DCTPD_num2,Database,257.71
GSNHYDRO_num2,Database,14.496153846153849
HXPRT_num2,Database,4.52585
UPPRT_num2,Database,2.1397
XTSNH_num2,Database,14.496153846153849
XTSNH_num3,Database,14.496153846153849
NADPHQR2_num2,Database,81.48538461538462
NADPHQR2_num3,Database,81.48538461538462
NADPHQR2_num4,Database,81.48538461538462
NADPHQR3_num2,Database,81.48538461538462
NADPHQR3_num3,Database,81.48538461538462
NADPHQR3_num4,Database,81.48538461538462
NADPHQR4_num2,Database,81.48538461538462
NADPHQR4_num3,Database,81.48538461538462
NADPHQR4_num4,Database,81.48538461538462
IMPD_num2,Database,6.985
IMPD_num3,Database,6.985
ALCD2x_num2,Database,292.8888888888889
DAPDC_num2,Database,18.235
THDPS_num2,UniKP,8.189518482
GLYBabcpp_num2,UniKP,12.93234698
LEUt2rpp_num2,UniKP,11.72581356
LEUt2rpp_num3,UniKP,12.93234698
PA120abcpp_num2,UniKP,12.93234698
PA140abcpp_num2,UniKP,6.918899998
PA141abcpp_num2,UniKP,3.712622561
PA160abcpp_num2,UniKP,7.855711468
PA161abcpp_num2,UniKP,11.16253885
PA180abcpp_num2,UniKP,11.78314502
PA181abcpp_num2,UniKP,5.116358701
PGP120abcpp_num2,UniKP,5.036041555
PGP140abcpp_num2,UniKP,5.804048193
PGP141abcpp_num2,UniKP,7.802865546
PGP160abcpp_num2,UniKP,11.88246361
PGP161abcpp_num2,UniKP,4.576486127
PGP180abcpp_num2,TurNuP,8.138577461
PGP181abcpp_num2,TurNuP,8.138577461
PHEMEabcpp_num2,none,0.0
PSERtex_num2,none,0.0
PSERtex_num3,none,0.0
PSERtex_num4,none,0.0
TREptsp_num2,TurNuP,34.43438339
TREptsp_num3,TurNuP,13.19972992
TREptspp_num2,TurNuP,34.43438339
TREptspp_num3,TurNuP,13.19972992
URAt2pp_num2,TurNuP,35.2750473
URAt2rpp_num2,TurNuP,35.2750473
XANt2pp_num2,TurNuP,35.2750473
CYSTRS_num2,TurNuP,6.464971542
FMETTRS_num2,Database,12.649192307692308
PHETA1_num2,Database,2.85
SHK3Dr_num2,Database,121.6825
TYRTA_num2,Database,2.85
THRD_L_num2,Database,151356.31875
ALCD19_reverse_num3,Database,292.8888888888889
ARAI_reverse_num2,Database,191.76103448275865
MCITL2_reverse_num2,Database,63.21666666666667
PMANM_reverse_num2,Database,24.803846153846155
GALUi_reverse_num2,Database,178.62
TRATF_reverse_num2,Database,3.7
GAPD_reverse_num2,Database,6.45
PGM_reverse_num2,Database,294.38454545454545
PGM_reverse_num3,Database,294.38454545454545
PGM_reverse_num5,Database,294.38454545454545
CAt6pp_reverse_num2,none,0.0
CAt6pp_reverse_num3,none,0.0
CAt6pp_reverse_num4,none,0.0
CAt6pp_reverse_num5,none,0.0
CAt6pp_reverse_num6,none,0.0
CAt6pp_reverse_num7,none,0.0
CAt6pp_reverse_num8,none,0.0
CAt6pp_reverse_num9,none,0.0
MG2t3_2pp_reverse_num2,none,0.0
NH4tpp_reverse_num2,none,0.0
MI2DH_reverse_num2,Database,58.0
MI2DH_reverse_num3,Database,58.0
MI2DH_reverse_num4,Database,58.0
UAGAAT_reverse_num2,Database,9.166666666666666
UAGAAT_reverse_num4,Database,9.166666666666666
UAGAAT_reverse_num5,Database,9.166666666666666
ACOATA_reverse_num2,Database,17.168145925555557
ACOATA_reverse_num4,Database,17.168145925555557
ACOATA_reverse_num5,Database,17.168145925555557
MCOATA_reverse_num2,Database,92.33634818181818
MCOATA_reverse_num4,Database,92.33634818181818
MCOATA_reverse_num5,Database,92.33634818181818
ALCD2x_reverse_num2,Database,292.8888888888889
LEUt2rpp_reverse_num2,TurNuP,42.14790726
LEUt2rpp_reverse_num3,TurNuP,74.26729584
PSERtex_reverse_num2,none,0.0
PSERtex_reverse_num3,none,0.0
PSERtex_reverse_num4,none,0.0
URAt2rpp_reverse_num2,TurNuP,35.2750473
PHETA1_reverse_num2,Database,2.85
SHK3Dr_reverse_num2,Database,121.6825
TYRTA_reverse_num2,Database,2.85
ASNS2,UniKP,3.02738016
VPAMT,UniKP,16.50811904
ACHMSC,Spontaneous,0.0
AMANAPEr,none,0.0
APG,Spontaneous,0.0
CBMKr,Spontaneous,0.0
FRUK,UniKP,3.584607431
G3PD2,UniKP,3.361813796
GLCATr,UniKP,4.003173613
HEX7,Spontaneous,0.0
HPYRI_num1,none,0.0
HSST_2,Spontaneous,0.0
MALTATr,UniKP,8.749611391
PPASUCC,Spontaneous,0.0
SUCptsp,UniKP,2.783505408
TRE6p,Spontaneous,0.0
UACGAMPpp,Spontaneous,0.0
UDPARA,Spontaneous,0.0
UDPGALPpp,Spontaneous,0.0
UGLCURPpp,Spontaneous,0.0
MCITD_num1,none,0.0
HDPA1,Spontaneous,0.0
HDPA2,Spontaneous,0.0
AGPR,UniKP,3.040541007
CSND,UniKP,3.988596982
G5SADs,Spontaneous,0.0
G5SD,UniKP,4.930779386
GLUNATF,UniKP,6.321162244
ORNC,none,0.0
ARGSS,UniKP,8.493583556
CG_biomass_cgl_ATCC13032,Spontaneous,0.0
BAMPN,Spontaneous,0.0
BIOTIN_t,Spontaneous,0.0
BTNAMP,Spontaneous,0.0
CDPDAG,Spontaneous,0.0
CLPN,Spontaneous,0.0
PIM,Spontaneous,0.0
PIT,Spontaneous,0.0
T2DECAI,Spontaneous,0.0
CITL,none,0.0
FRD2,UniKP,2.816773278
FRD3,UniKP,2.816773278
2MAHMP,UniKP,1.548569225
ADCL,none,0.0
AMMQLT8,UniKP,1.346178577
ASPO5,Spontaneous,0.0
CDPMEK,UniKP,1.346178577
CPPPGO,Spontaneous,0.0
DB4PS,none,0.0
DHNCOAS,UniKP,3.160674569
FCLT,UniKP,2.785330727
LIPOS,UniKP,3.306526084
MECDPDH2,UniKP,6.054294941
MSDHD_num1,UniKP,2.16503765
QULNS,UniKP,11.02063017
TYRL,UniKP,3.341555311
NAMNPP,UniKP,5.2196584
ADSK,Spontaneous,0.0
ACBCP,Spontaneous,0.0
BTNC,Spontaneous,0.0
FTHFD,UniKP,3.368659884
GLYCL,Spontaneous,0.0
GLUDC,Spontaneous,0.0
AGPAT120,UniKP,3.962805676
AGPAT140,UniKP,3.757622976
AGPAT141,UniKP,4.364763907
AGPAT160,UniKP,5.036041555
AGPAT161,UniKP,6.066441308
AGPAT180,UniKP,7.010475053
AGPAT181,UniKP,8.333699442
PGSA120,UniKP,3.361813796
PGSA140,UniKP,3.361813796
PGSA141,UniKP,3.361813796
PGSA160,UniKP,3.361813796
PGSA161,UniKP,3.361813796
PGSA180,UniKP,3.361813796
PGSA181,UniKP,5.878370023
IG3PS,UniKP,3.179707355
PRATPP,UniKP,2.709708013
MG2uabcpp,Spontaneous,0.0
NI2tpp,Spontaneous,0.0
NI2uabcpp,Spontaneous,0.0
NO2t2rpp,Spontaneous,0.0
O2tpp,Spontaneous,0.0
SO3TRDRD,Spontaneous,0.0
ZN2tpp,Spontaneous,0.0
ZNabcpp,Spontaneous,0.0
D52DGK,UniKP,4.519801043
D5GIS,none,0.0
MI2DHT,none,0.0
THCDH,UniKP,1.428617108
U23GAAT_num1,UniKP,6.532364071
MACPD,Spontaneous,0.0
TDCM_FREE,Spontaneous,0.0
TMCM_FREE,Spontaneous,0.0
NTRIR3pp,Spontaneous,0.0
NTRIR4pp,Spontaneous,0.0
3NTD2pp,Spontaneous,0.0
3NTD4pp,Spontaneous,0.0
ATPHs,Spontaneous,0.0
CYTDK2,Spontaneous,0.0
DURIK1,Spontaneous,0.0
GSNK,Spontaneous,0.0
GTPHs,Spontaneous,0.0
NTPP1,none,0.0
NTPP10,none,0.0
NTPP11,none,0.0
NTPP3,none,0.0
NTPP4,none,0.0
NTPP5,none,0.0
NTPP9,none,0.0
NTP1,Spontaneous,0.0
NTP10,Spontaneous,0.0
NTP11,Spontaneous,0.0
NTP12,Spontaneous,0.0
NTP3,Spontaneous,0.0
NTP5,Spontaneous,0.0
NTPP2,none,0.0
NTPP6,none,0.0
NTPP7,none,0.0
NTPP8,none,0.0
DMSOR1pp,Spontaneous,0.0
DMSOR2pp,Spontaneous,0.0
FDH4pp_num1,UniKP,2.6067766
FDH5pp_num1,UniKP,3.361813796
G3PD6,Spontaneous,0.0
G3PD7,Spontaneous,0.0
HYD1pp,Spontaneous,0.0
HYD2pp,Spontaneous,0.0
HYD3pp,Spontaneous,0.0
NADH10,UniKP,2.6067766
NADH9,Spontaneous,0.0
NO3R2pp,Spontaneous,0.0
NTRIR2x,Spontaneous,0.0
PPKr,Spontaneous,0.0
SUCDi,Spontaneous,0.0
TMAOR1pp,Spontaneous,0.0
TMAOR2pp,Spontaneous,0.0
GART,Spontaneous,0.0
GLUPRT,UniKP,5.732941755
IMPC,Spontaneous,0.0
PRAIS,UniKP,3.02738016
PRASCSi,UniKP,8.757510522
OAADC,Spontaneous,0.0
DHDPRy,UniKP,7.26553543
26DAHtex,Spontaneous,0.0
3AMPtex,Spontaneous,0.0
3CMPtex,Spontaneous,0.0
3GMPtex,Spontaneous,0.0
3UMPtex,Spontaneous,0.0
ACALDtpp,Spontaneous,0.0
ACGAM1Ptex,Spontaneous,0.0
ACGAptspp,UniKP,12.93234698
ACGAtex,Spontaneous,0.0
ACMANAptspp_num1,UniKP,12.93234698
ACMANAtex,Spontaneous,0.0
ACMUMptspp_num1,UniKP,8.598492422
ACSERtex,Spontaneous,0.0
ADEt2rpp,Spontaneous,0.0
ADNt2rpp,Spontaneous,0.0
AKGt2rpp,Spontaneous,0.0
ALAALAabcpp,Spontaneous,0.0
ALAALAtex,Spontaneous,0.0
ALAtex,Spontaneous,0.0
AMPtex,Spontaneous,0.0
ARGabcpp,Spontaneous,0.0
ARGt3pp,Spontaneous,0.0
ASNabcpp,Spontaneous,0.0
ASNt2rpp,Spontaneous,0.0
ASPabcpp,Spontaneous,0.0
ASPt2pp,Spontaneous,0.0
ASPt2rpp,Spontaneous,0.0
BALAt2pp,Spontaneous,0.0
BALAtex,Spontaneous,0.0
BCCPE,Spontaneous,0.0
CGLYabcpp,Spontaneous,0.0
CGLYtex,Spontaneous,0.0
CITt3pp,Spontaneous,0.0
CITtex,Spontaneous,0.0
CLt3_2pp,Spontaneous,0.0
CRNabcpp,Spontaneous,0.0
CRNDabcpp,Spontaneous,0.0
CRNDt2rpp,Spontaneous,0.0
CRNt2rpp,Spontaneous,0.0
CRNt8pp,Spontaneous,0.0
CTBTabcpp,Spontaneous,0.0
CUtex,Spontaneous,0.0
CYANtex,Spontaneous,0.0
CYSabc2pp,Spontaneous,0.0
CYSabcpp,Spontaneous,0.0
CYStpp,Spontaneous,0.0
CYTDt2pp,Spontaneous,0.0
CYTDt2rpp,Spontaneous,0.0
DADNtex,Spontaneous,0.0
DALAtex,Spontaneous,0.0
DAMPtex,Spontaneous,0.0
DAPabcpp,Spontaneous,0.0
DCMPtex,Spontaneous,0.0
DCYTtex,Spontaneous,0.0
DGMPtex,Spontaneous,0.0
DGSNtex,Spontaneous,0.0
DHAtpp,Spontaneous,0.0
DIMPtex,Spontaneous,0.0
DINStex,Spontaneous,0.0
D_LACt2pp,Spontaneous,0.0
DMSOtex,Spontaneous,0.0
DMStex,Spontaneous,0.0
DTMPtex,Spontaneous,0.0
DUMPtex,Spontaneous,0.0
DURIt2pp,Spontaneous,0.0
DURItex,Spontaneous,0.0
ETHAtex,Spontaneous,0.0
ETOHtrpp,Spontaneous,0.0
F6Pt6_2pp,Spontaneous,0.0
F6Ptex,Spontaneous,0.0
FE3tex,Spontaneous,0.0
FRUtex,Spontaneous,0.0
FUMt2_3pp,Spontaneous,0.0
FUMtex,Spontaneous,0.0
G1Ptex,Spontaneous,0.0
G3PEtex,Spontaneous,0.0
G3PGtex,Spontaneous,0.0
G3PItex,Spontaneous,0.0
G3PStex,Spontaneous,0.0
G6Pt6_2pp,Spontaneous,0.0
G6Ptex,Spontaneous,0.0
GAL1Ptex,Spontaneous,0.0
GAM6Pt6_2pp,Spontaneous,0.0
GAMAN6Ptex,Spontaneous,0.0
GAMtex,Spontaneous,0.0
GLCNt2rpp,Spontaneous,0.0
GLCptspp,none,0.0
GLCUR1Ptex,Spontaneous,0.0
GLCURt2rpp,Spontaneous,0.0
GLNabcpp,Spontaneous,0.0
GLNt2rpp,Spontaneous,0.0
GLUt4pp,Spontaneous,0.0
GLUtex,Spontaneous,0.0
GLYALDtpp,Spontaneous,0.0
GLYC3Pt6pp,Spontaneous,0.0
GLYC3Ptex,Spontaneous,0.0
GLYCAt2rpp,Spontaneous,0.0
GLYCtpp,Spontaneous,0.0
GLYtex,Spontaneous,0.0
GMPtex,Spontaneous,0.0
GSNt2pp,Spontaneous,0.0
GSNtex,Spontaneous,0.0
GTHRDabcpp,Spontaneous,0.0
GTHRDtex,Spontaneous,0.0
GUAt2pp,Spontaneous,0.0
GUAtpp,Spontaneous,0.0
H2Otpp,Spontaneous,0.0
H2St1pp,Spontaneous,0.0
H2Stex,Spontaneous,0.0
H2tpp,Spontaneous,0.0
HISabcpp,Spontaneous,0.0
HISt2rpp,Spontaneous,0.0
HOMt2pp,Spontaneous,0.0
HOMtex,Spontaneous,0.0
HYXNtpp,Spontaneous,0.0
INDOLEt2pp,Spontaneous,0.0
INDOLEt2rpp,Spontaneous,0.0
INSt2pp,Spontaneous,0.0
INSt2rpp,Spontaneous,0.0
L_LACt2rpp,Spontaneous,0.0
LYSt3pp,Spontaneous,0.0
MALt3pp,Spontaneous,0.0
MAN6Pt6_2pp,Spontaneous,0.0
MANptspp,UniKP,2.866867848
METt2rpp,Spontaneous,0.0
MNLptspp,UniKP,8.333699442
NACtpp,Spontaneous,0.0
NAtex,Spontaneous,0.0
NMNt7pp,Spontaneous,0.0
NOtex,Spontaneous,0.0
O2Stex,Spontaneous,0.0
ORNabcpp,Spontaneous,0.0
OROTt2_2pp,Spontaneous,0.0
PHEMEtiex,Spontaneous,0.0
PHEt2rpp,Spontaneous,0.0
PNTOt4pp,Spontaneous,0.0
PROGLYabcpp,Spontaneous,0.0
PROt3pp,Spontaneous,0.0
PTRCORNt7pp,Spontaneous,0.0
PTRCt2pp,Spontaneous,0.0
PYDXtpp,Spontaneous,0.0
PYRt2rpp,Spontaneous,0.0
SBTptspp,UniKP,0.730055014
SERabcpp,Spontaneous,0.0
SERt3pp,Spontaneous,0.0
SKMt2pp,Spontaneous,0.0
SPMDt3pp,Spontaneous,0.0
SUCCt2_2pp,Spontaneous,0.0
SUCCt2_3pp,Spontaneous,0.0
SUCCt3pp,Spontaneous,0.0
SUCptspp,UniKP,1.214192558
THMDt2pp,Spontaneous,0.0
THMDt2rpp,Spontaneous,0.0
THRabcpp,Spontaneous,0.0
THRt2pp,Spontaneous,0.0
TREabcpp,Spontaneous,0.0
TRPabcpp,Spontaneous,0.0
TYRt2rpp,Spontaneous,0.0
URIt2pp,Spontaneous,0.0
URIt2rpp,Spontaneous,0.0
XANtpp,Spontaneous,0.0
XTSNt2rpp,Spontaneous,0.0
CO2tpp,Spontaneous,0.0
FORt2pp,Spontaneous,0.0
Biotinabcpp,Spontaneous,0.0
Biotint3pp,Spontaneous,0.0
Biotintpp,Spontaneous,0.0
ASNTRS_num1,UniKP,5.732941755
HISTRS,Spontaneous,0.0
TYRRRpp,Spontaneous,0.0
AGPSC,Spontaneous,0.0
ARATH,Spontaneous,0.0
ATPM,Spontaneous,0.0
DNA,Spontaneous,0.0
FREENTCO,Spontaneous,0.0
IONS,Spontaneous,0.0
MYCOLI,Spontaneous,0.0
PA,Spontaneous,0.0
PEPTH,Spontaneous,0.0
PPTHTH,Spontaneous,0.0
RNA,Spontaneous,0.0
PROTEIN,Spontaneous,0.0
SOL_POOL,Spontaneous,0.0
OMCDC,Spontaneous,0.0
ACHMSC_reverse,Spontaneous,0.0
AMANAPEr_reverse,none,0.0
APG_reverse,Spontaneous,0.0
CBMKr_reverse,Spontaneous,0.0
G3PD2_reverse,UniKP,6.515943384
GLCATr_reverse,UniKP,5.974263364
HPYRI_reverse_num1,none,0.0
MALTATr_reverse,UniKP,5.039434611
MCITD_reverse_num1,UniKP,20.6498801
AGPR_reverse,UniKP,2.061226682
GLUNATF_reverse,UniKP,4.207657032
BAMPN_reverse,Spontaneous,0.0
CDPDAG_reverse,Spontaneous,0.0
T2DECAI_reverse,Spontaneous,0.0
NAMNPP_reverse,UniKP,6.136826708
ACBCP_reverse,Spontaneous,0.0
NO2t2rpp_reverse,Spontaneous,0.0
O2tpp_reverse,Spontaneous,0.0
D5GIS_reverse,none,0.0
MI2DHT_reverse,UniKP,5.878370023
TDCM_FREE_reverse,Spontaneous,0.0
PPKr_reverse,Spontaneous,0.0
IMPC_reverse,Spontaneous,0.0
26DAHtex_reverse,Spontaneous,0.0
3AMPtex_reverse,Spontaneous,0.0
3CMPtex_reverse,Spontaneous,0.0
3GMPtex_reverse,Spontaneous,0.0
3UMPtex_reverse,Spontaneous,0.0
ACALDtpp_reverse,Spontaneous,0.0
ACGAM1Ptex_reverse,Spontaneous,0.0
ACGAtex_reverse,Spontaneous,0.0
ACMANAtex_reverse,Spontaneous,0.0
ACSERtex_reverse,Spontaneous,0.0
ADEt2rpp_reverse,Spontaneous,0.0
ADNt2rpp_reverse,Spontaneous,0.0
AKGt2rpp_reverse,Spontaneous,0.0
ALAALAtex_reverse,Spontaneous,0.0
ALAtex_reverse,Spontaneous,0.0
AMPtex_reverse,Spontaneous,0.0
ASNt2rpp_reverse,Spontaneous,0.0
BALAtex_reverse,Spontaneous,0.0
BCCPE_reverse,Spontaneous,0.0
CGLYtex_reverse,Spontaneous,0.0
CITtex_reverse,Spontaneous,0.0
CRNDt2rpp_reverse,Spontaneous,0.0
CRNt2rpp_reverse,Spontaneous,0.0
CUtex_reverse,Spontaneous,0.0
CYANtex_reverse,Spontaneous,0.0
CYTDt2rpp_reverse,Spontaneous,0.0
DADNtex_reverse,Spontaneous,0.0
DALAtex_reverse,Spontaneous,0.0
DAMPtex_reverse,Spontaneous,0.0
DCMPtex_reverse,Spontaneous,0.0
DCYTtex_reverse,Spontaneous,0.0
DGMPtex_reverse,Spontaneous,0.0
DGSNtex_reverse,Spontaneous,0.0
DHAtpp_reverse,Spontaneous,0.0
DIMPtex_reverse,Spontaneous,0.0
DINStex_reverse,Spontaneous,0.0
D_LACt2pp_reverse,Spontaneous,0.0
DMSOtex_reverse,Spontaneous,0.0
DMStex_reverse,Spontaneous,0.0
DTMPtex_reverse,Spontaneous,0.0
DUMPtex_reverse,Spontaneous,0.0
DURItex_reverse,Spontaneous,0.0
ETHAtex_reverse,Spontaneous,0.0
ETOHtrpp_reverse,Spontaneous,0.0
F6Ptex_reverse,Spontaneous,0.0
FE3tex_reverse,Spontaneous,0.0
FRUtex_reverse,Spontaneous,0.0
FUMtex_reverse,Spontaneous,0.0
G1Ptex_reverse,Spontaneous,0.0
G3PEtex_reverse,Spontaneous,0.0
G3PGtex_reverse,Spontaneous,0.0
G3PItex_reverse,Spontaneous,0.0
G3PStex_reverse,Spontaneous,0.0
G6Ptex_reverse,Spontaneous,0.0
GAL1Ptex_reverse,Spontaneous,0.0
GAMAN6Ptex_reverse,Spontaneous,0.0
GAMtex_reverse,Spontaneous,0.0
GLCNt2rpp_reverse,Spontaneous,0.0
GLCUR1Ptex_reverse,Spontaneous,0.0
GLCURt2rpp_reverse,Spontaneous,0.0
GLNt2rpp_reverse,Spontaneous,0.0
GLUtex_reverse,Spontaneous,0.0
GLYALDtpp_reverse,Spontaneous,0.0
GLYC3Ptex_reverse,Spontaneous,0.0
GLYCAt2rpp_reverse,Spontaneous,0.0
GLYCtpp_reverse,Spontaneous,0.0
GLYtex_reverse,Spontaneous,0.0
GMPtex_reverse,Spontaneous,0.0
GSNtex_reverse,Spontaneous,0.0
GTHRDtex_reverse,Spontaneous,0.0
GUAtpp_reverse,Spontaneous,0.0
H2Otpp_reverse,Spontaneous,0.0
H2Stex_reverse,Spontaneous,0.0
H2tpp_reverse,Spontaneous,0.0
HISt2rpp_reverse,Spontaneous,0.0
HOMtex_reverse,Spontaneous,0.0
HYXNtpp_reverse,Spontaneous,0.0
INDOLEt2rpp_reverse,Spontaneous,0.0
INSt2rpp_reverse,Spontaneous,0.0
L_LACt2rpp_reverse,Spontaneous,0.0
METt2rpp_reverse,Spontaneous,0.0
NAtex_reverse,Spontaneous,0.0
NOtex_reverse,Spontaneous,0.0
O2Stex_reverse,Spontaneous,0.0
PHEt2rpp_reverse,Spontaneous,0.0
PTRCORNt7pp_reverse,Spontaneous,0.0
PYRt2rpp_reverse,Spontaneous,0.0
THMDt2rpp_reverse,Spontaneous,0.0
TYRt2rpp_reverse,Spontaneous,0.0
URIt2rpp_reverse,Spontaneous,0.0
XANtpp_reverse,Spontaneous,0.0
XTSNt2rpp_reverse,Spontaneous,0.0
ALCD19_num2,UniKP,7.802865546
HPYRI_num2,none,0.0
MCITD_num2,none,0.0
MCITD_num3,none,0.0
SPMDAT2_num5,UniKP,7.802865546
FACOAL100t2pp_num2,UniKP,1.548569225
FACOAL120t2pp_num2,UniKP,1.777461733
FACOAL140t2pp_num2,UniKP,1.548569225
FACOAL141t2pp_num2,UniKP,1.777461733
FACOAL160t2pp_num2,UniKP,3.126232873
FACOAL161t2pp_num2,UniKP,2.339863148
FACOAL180t2pp_num2,UniKP,1.346178577
FACOAL181t2pp_num2,UniKP,4.491933097
FACOAL60t2pp_num2,UniKP,2.030513694
FACOAL80t2pp_num2,UniKP,6.816981509
MSDHD_num2,UniKP,3.361813796
G3PAT120_num3,UniKP,12.93234698
G3PAT140_num3,UniKP,3.753537738
G3PAT141_num3,UniKP,6.532364071
G3PAT160_num3,UniKP,6.532364071
G3PAT161_num3,UniKP,5.036041555
G3PAT180_num3,UniKP,7.802865546
G3PAT181_num3,UniKP,3.435945843
PGM_num4,Spontaneous,0.0
U23GAAT_num2,UniKP,2.6067766
U23GAAT_num3,UniKP,2.804277536
U23GAAT_num4,UniKP,10.04768803
U23GAAT_num5,UniKP,2.334378212
UAGAAT_num3,UniKP,12.93234698
ACOATA_num3,UniKP,6.392743772
MCOATA_num3,UniKP,4.762001364
FDH4pp_num2,UniKP,4.17915257
FDH5pp_num2,UniKP,4.17915257
ACMANAptspp_num2,UniKP,8.189518482
ACMUMptspp_num2,UniKP,12.93234698
ALATRS_num2,none,0.0
ALATRS_num3,none,0.0
ALATRS_num4,none,0.0
ARGTRS_num2,none,0.0
ARGTRS_num3,none,0.0
ARGTRS_num4,none,0.0
ARGTRS_num5,none,0.0
ASNTRS_num2,none,0.0
GLUTRS_num2,none,0.0
GLUTRS_num3,none,0.0
GLUTRS_num4,none,0.0
GLYTRS_num2,none,0.0
GLYTRS_num3,none,0.0
GLYTRS_num4,none,0.0
GLYTRS_num5,none,0.0
ILETRS_num2,none,0.0
LEUTRS_num2,none,0.0
LEUTRS_num3,none,0.0
LEUTRS_num4,none,0.0
LEUTRS_num5,none,0.0
LEUTRS_num6,none,0.0
LYSTRS_num2,none,0.0
LYSTRS_num3,none,0.0
METTRS_num2,none,0.0
METTRS_num3,none,0.0
METTRS_num4,none,0.0
PROTRS_num2,none,0.0
PROTRS_num3,none,0.0
SERTRS_num2,none,0.0
SERTRS_num3,none,0.0
SERTRS_num4,none,0.0
THRTRS_num2,none,0.0
THRTRS_num3,none,0.0
THRTRS_num4,none,0.0
VALTRS_num2,none,0.0
VALTRS_num3,none,0.0
VALTRS_num4,none,0.0
ALCD19_reverse_num2,none,0.0
HPYRI_reverse_num2,none,0.0
MCITD_reverse_num2,TurNuP,4.012794495
MCITD_reverse_num3,TurNuP,10.09737968
PGM_reverse_num4,Spontaneous,0.0
UAGAAT_reverse_num3,none,0.0
ACOATA_reverse_num3,none,0.0
MCOATA_reverse_num3,none,0.0
